No.,Category,Name,Importance,Discrimination Flag,In-Category Weighting,Overall Weighting of Question,Description,Good,Bad,Question,Explanation/Ground truth,Conditional score flag,Conditional applicability note,,,,,,,,,,,,,,,,,,,,
1,Accuracy,Final calculation accuracy,0 = ultra important,FALSE,54.55%,10.36%,The final calculations must be accurate given the inputs and case context.,Calculations are accurate and consistent with the inputs and case context. Hardcoded outputs are not accepted as correct - even where the value happens to be right - because there is no way to verify that the result was calculated in the workbook. A single incorrect output is enough to fail this item. Differences that follow from a documented rounding convention do not count as errors.,"Calculations contain errors, are incomplete relative to the case requirements, key outputs are absent, or the answers are hardcoded.",Are the final calculations of the model accurate given the inputs and case context?,"The final calculations must be accurate and consistent with the given inputs and case context. Calculations that are incorrect, incomplete, or missing indicate a fundamental model failure. Outputs typed in as values rather than calculated are treated as incorrect, because their correctness cannot be verified. Immaterial differences that follow from a documented rounding convention are acceptable. Different polarity might also be okay if reasonable (e.g., Cash flow of -100 instead of 100) and only due to interpretation.",FALSE,N/A,, ,Category,Count,Weighting,,Importance,Weighting,,Top-Weigthed question,Cum. Share,Share,Stats Cat,Stat,,Category,Explanation,Questions,Items,Weight
2,Accuracy,Starting values,1 = highly important,FALSE,22.73%,4.32%,"The workbook must use the correct starting/input values given in the case context, transcribed with the correct unit and scale.",Workbook uses the correct starting/input values from the case context.,"One or more starting/input values differ from the case context, or are transcribed with the wrong unit or scale.",Does the workbook use the correct starting/input values as given in the case context?,The workbook must use the correct input values specified in the case context. Using incorrect starting values will cascade errors through the entire model.,FALSE,N/A,, ,Accuracy,3,19.00%,,0 = ultra important,12.0x,,1,10.36%,10.36%,TOP-10,37.60%,,Core results & task delivery,"accurate calculations, correct inputs, task completed",1-3,3,19.00%
3,Accuracy,Deliverable completeness,1 = highly important,FALSE,22.73%,4.32%,"Every output, schedule, and deliverable specified in the case context is present and fully built out.",All deliverables specified in the case context are present and complete.,Workbook does not complete the task; outputs are missing or partial.,Does the workbook fully complete the task specified in the case context?,The workbook must complete the task given in the case context. An incomplete model that does not deliver the required outputs fails its fundamental purpose.,FALSE,N/A,, ,Assumptions,7,7.00%,,1 = highly important,5.0x,,2,14.68%,4.32%,TOP-20,54.17%,,Formatting & visual conventions,"color coding, number formats, alignment, widths, no merged cells",42-77,36,9.59%
4,Assumptions,Centralized assumptions,1 = highly important,TRUE,14.71%,1.03%,"All assumptions should be summarized at the beginning of the model or in a separate assumptions sheet, rather than hidden in calculation cells or scattered throughout the model. Assumptions should flow in one direction: from the assumptions sheet into calculations, never the reverse. A clearly labeled, self-contained input block held on a build sheet is acceptable where it is the single source for that driver and is signposted from the central assumptions sheet.",All assumptions are grouped at the start of the model or on a dedicated sheet; easy to find and update. Any input block held on a build sheet is clearly labeled and signposted from the central assumptions sheet.,"Assumptions are embedded directly in formulas (e.g., =B5*1.05) or appear on multiple sheets with no single source of truth.",Are all assumptions grouped together (centralized) at the beginning of the model?,"Grouping assumptions at the beginning of the model (or in a dedicated assumptions sheet) makes them easy to find and update, and prevents inputs from being buried in calculation cells. The flow should be strictly one-directional - assumptions feed calculations, never the other way around - to maintain a clear audit trail.",FALSE,N/A,, ,Documentation,10,4.00%,,2 = important,2.0x,,3,19.00%,4.32%,TOP-50,77.72%,,Structure & layout,"components, separation by function, tab order, fiscal year/stubs, timelines, labels, circularity",105-131,27,#NUM!
5,Assumptions,Unique assumptions,1 = highly important,TRUE,14.71%,1.03%,Each assumption should appear only once; no duplicates elsewhere in the model.,Each assumption is defined only once; no duplicates or repetitions exist.,Assumptions are duplicated or repeated across cells or sheets.,Are all assumptions unique (i.e. not duplicated elsewhere in the model)?,"Each assumption should exist in exactly one place. Duplicates cause confusion and create the risk that one copy is updated while the other is not, so the model silently uses two different values for the same driver.",FALSE,N/A,, ,Error Checks,14,13.00%,,3 = not absolutely crucial,1.0x,,4,21.94%,2.94%,>50%,17,,"Error checking, consistency & workbook hygiene","no Excel errors, ties, check rows/sheet/flag, units, performance",21-35,15,13.23%
6,Assumptions,Assumption labeling,2 = important,TRUE,5.88%,0.41%,"Each assumption must have a clear, descriptive label identifying what it represents.","Every assumption has a clear, descriptive label identifying what it represents.","Assumptions lack labels, or labels are vague (e.g., 'Rate 1', 'Input') and don't explain what the value represents.","Does each assumption have a clear, descriptive label?","A clear, descriptive label tells the reader what the assumption represents without having to trace where it is used. Vague labels such as 'Rate 1' or 'Input' force the reviewer to reverse-engineer the driver's meaning and are a common source of misinterpretation.",FALSE,N/A,, ,Flexibility,5,6.50%,,,,,5,24.73%,2.79%,,,,Assumptions architecture,"centralized, unique, labeled/sourced, single valuation-date driver",4-10,7,7.00%
7,Assumptions,Assumption units,2 = important,TRUE,5.88%,0.41%,"Each assumption must display an explicit unit of measure (e.g., %, $, x, days) so the reader can interpret values without guessing.","Every assumption displays an explicit, correct unit of measure (%, $mm, x, days).","Assumptions lack units, or units are implicit (e.g., a percentage entered as 5 with no % indicator).",Does each assumption display an explicit unit of measure?,"An explicit unit of measure (%, $mm, x, days) lets the reader interpret an assumption without guessing. Ambiguous units are a frequent cause of scale errors - for example a growth rate entered as 5 where the formula expects 0.05.",FALSE,N/A,, ,Formatting,36,9.50%,,Discrimination Factor,0.35x,,6,27.51%,2.79%,,,,Formula quality,"no hardcodes, block consistency, anchoring, stepwise, no volatile/exotic functions",78-87,10,12.77%
8,Assumptions,Assumption sources,3 = not absolutely crucial,FALSE,8.40%,0.59%,"Each assumption must reference its source (e.g., a specific section of the case context, a company filing, or a market data provider) so reviewers can verify inputs and assess staleness. Where no external source exists, the assumption must be explicitly labeled as a judgment or estimate, with an owner and a date.","Every assumption cites a specific, verifiable source (e.g., 'case context, section 2' or '10-K FY2024 p.45'), dated where a date is meaningful - or, where no external source exists, is explicitly labeled as a judgment or estimate with an owner and date.","Assumptions lack source citations, or sources are vague (e.g., 'management' with no owner, date, or document reference).","Does each assumption cite a specific, verifiable source, or is it explicitly labeled as a judgment with an owner and date?","A source citation lets a reviewer verify an input and judge whether it is still current. Where the source is external and time-sensitive, dating it makes staleness visible; stale assumptions are a common cause of misstated outputs. Not every assumption has an external source - many are genuine judgments - and those should be labeled as such, with an owner and date, rather than presented in a way that makes them look like sourced facts.",FALSE,N/A,, ,Formulas,10,12.00%,,,,,7,30.16%,2.64%,,,,Flexibility & future-proofing,"temporal flexibility, dynamic build, multi-unit, M&A readiness, reuse",36-41,6,7.00%
9,Assumptions,Named ranges for key assumptions,3 = not absolutely crucial,FALSE,8.40%,0.59%,"Key global inputs (e.g., tax_rate, valuation_date) should use named ranges to improve formula readability. Apply sparingly; overuse hides cell references and clutters the Name Manager. Names should follow a consistent convention and be self-explanatory.","Truly global, stable inputs (e.g., tax rate, valuation date) use named ranges.","Named ranges are missing for key globals, or names are unclear or inconsistently constructed.",Are key assumptions given named ranges to improve formula readability?,"Named ranges can improve readability for a small set of truly global, stable inputs (e.g., tax_rate, valuation_date). They are not a universal upgrade - overusing them hides cell references and can make audit harder. Apply sparingly and keep Name Manager clean.",TRUE,"Applies: cases whose scope implies a multi-sheet build with a handful of genuinely global, stable constants - tax rate, valuation or start date, discount rate or WACC, inflation, an FX table - that are referenced from many formulas on several different sheets, so that a name materially improves formula readability. N/A: cases implying a one- or two-sheet calculation where every assumption sits within sight of the formulas consuming it, so names would add Name Manager clutter without improving readability; also N/A where the brief bans named ranges or prescribes a fixed template layout. How to tell from the starting file: count the distinct input blocks on the assumptions tab and the number of separate schedules the brief demands - several calculation sheets drawing on the same few constants means apply; a single schedule fed by a short input list means N/A. Where applicable: grade a small, consistently named set covering the global constants only - penalize both the absence of names where formulas repeatedly reach across sheets for the same constant, and the naming of everything in sight. Note: marking this N/A does not make leftover, orphaned or misleading defined names acceptable - that is a separate hygiene check that stays in force for every model, including models that use no names at all.",, ,Model Outputs & Executive Summary,4,4.00%,,Conditional score flag,Weighting,,8,32.64%,2.48%,,,,"Audit, integrity & robustness","no hidden content, protection/VBA disclosed, no external links, sign convention, stress test",92-100,9,9.15%
10,Assumptions,Single date driver,1 = highly important,FALSE,42.02%,2.94%,"A single, clearly labeled anchor date (valuation date, as-of date, or model start date) should drive discount periods, stub periods, mid-year conventions, and roll-forwards across the model. A model with no date-dependent logic satisfies this item by default.","One labeled anchor date cell drives all date-dependent logic, including discount periods, stub periods, roll-forwards, and mid-year conventions - or the model contains no date-dependent logic.",No single date driver; dates are hardcoded or scattered across cells.,"Is there a single, clearly labeled anchor date cell (valuation date / as-of date / model start date) driving all date-dependent logic?","A single anchor date cell driving discount periods, stub periods, and roll-forwards keeps the model internally consistent and makes a date change a one-cell edit. Whatever the model type, that date is a crucial driver of everything time-dependent.",TRUE,"Applies: any case with a time dimension - a stated start, valuation or as-of date, a forecast horizon, useful lives, depreciation, debt, lease or coupon schedules, roll-forwards, payment-timing rules, day-count conventions, stub or mid-year conventions, or period headers the model must generate. N/A: cases with no time dimension at all - a single-point multiples valuation from supplied figures, a one-off cost allocation, a standalone unit-economics or pricing calculation, a static ratio analysis at one reporting date. How to tell from the starting file: scan the instructions and assumptions tabs for a start date, valuation date, model duration, useful life, payment or first coupon date, or forecast horizon. Any one of these means apply. Generic 'Year 1 ... Year n' periods still count as date-dependent where any anchor date drives them, so N/A is rare in practice. Where applicable: the test is that one labeled cell drives every date-dependent calculation - not merely that an anchor date exists somewhere. Dates re-typed into individual schedules fail even where all the values happen to agree today.",, ,Potential Dangers,9,8.00%,,FALSE,77.13%,,9,35.12%,2.48%,,,,Documentation & navigation,"comments, glossary, how-to, ToC, tab names, change log, methodology",11-20,10,4.00%
11,Documentation,Formula commentary for non-obvious formulas,2 = important,FALSE,11.46%,0.46%,"Non-obvious or complex formulas should carry an explanation - a cell comment or note, or an adjacent annotation column. The explanation should state what the formula does and why that approach was chosen, not simply restate the formula.","Non-obvious and complex formulas are explained via comments, notes, or an annotation column, covering the business rationale or methodology rather than restating the formula.","Complex formulas carry no explanation, or the explanation says what the formula computes (e.g., 'calculates margin') instead of why that method was chosen.","Are non-obvious formulas explained via cell comments, notes, or an adjacent annotation column?","Explaining non-obvious formulas saves the reviewer from reverse-engineering the modeler's logic and reduces the risk of misinterpretation. The medium matters less than the presence of the explanation: cell comments, notes, and a dedicated annotation column beside the timeline are all acceptable. Effective explanations cover the business rationale or methodology, not the mechanical calculation.",FALSE,N/A,, ,Purpose & Scope,1,2.00%,,TRUE,22.87%,,10,37.60%,2.48%,,,,Outputs & plausibility,"sense check, key ratios, all-cases summary, automation",88-91,4,3.81%
12,Documentation,Glossary of conventions,2 = important,FALSE,11.46%,0.46%,"The workbook should include a glossary documenting colors, abbreviations, and conventions used in the model.","A glossary documents colors, abbreviations, and conventions.","No glossary; colors, abbreviations, and conventions are unexplained.","Does the workbook contain a glossary of the colors, abbreviations, and conventions used?","A glossary of the colors, abbreviations, and conventions used in the workbook lets a new reader interpret the model without asking its author, and is standard practice in any model intended to be handed over.",FALSE,N/A,, ,Rounding,3,1.00%,,,,,11,40.02%,2.42%,,,,Audience & purpose fit,"architecture matches users, structure matches purpose",101-101,1,0.22%
13,Documentation,How to use guide,2 = important,FALSE,11.46%,0.46%,"A 'How to use this model' tab or section should walk users through inputs, scenarios, and outputs, and explain how to operate the model from the user's perspective.","A 'How to use' tab or section guides the user through the inputs they may change, how to select scenarios, and where to read the outputs.",No usage guide for the model.,"Is there a ""How to use this model"" tab or section?","A 'How to use this model' tab walks a new user through inputs, scenarios, and outputs - particularly important if the model will be handed off or used by readers without a finance background.",FALSE,N/A,, ,Structure,27,14.00%,,93,,,12,42.44%,2.42%,,,,Rounding & precision,"unrounded intermediates, rounded & documented outputs",102-104,3,1.05%
14,Documentation,Linked table of contents,2 = important,FALSE,11.46%,0.46%,The model should include a table of contents with hyperlinks to each worksheet. For very small workbooks (roughly three sheets or fewer) a table of contents may reasonably be omitted.,A table of contents links to each sheet via hyperlinks - or the workbook is small enough that one is not warranted.,"No table of contents, or one without working hyperlinks.",Does the model contain a table of contents with linked (hyperlink) worksheets?,"A table of contents with hyperlinks to each sheet gives the reader an overview of the model's architecture and a fast route to any part of it, and is standard practice. For a very small workbook (roughly three sheets or fewer) the tab bar already serves that purpose and a table of contents may reasonably be omitted.",TRUE,"Applies: cases whose scope implies roughly four or more sheets - multi-schedule builds, integrated statements, several parallel deliverables, a separate summary or check area - where navigation costs a reviewer real time. N/A: cases a competent modeler would deliver in about three sheets or fewer (one supplied data table, one calculation block, one answer sheet). How to tell from the starting file: count the distinct build blocks the brief demands - assumptions, each schedule, each statement, each analysis, outputs, answer sheet. Four or more means apply. When borderline, apply: a redundant table of contents costs the model almost nothing, whereas a missing one on a large workbook is a genuine navigation defect. Note: this item concerns navigation aids only. The requirement that every tab carry a clear, descriptive name is a separate check that stays in force for every model.",, ,SUM,129.00,100.0%,,,,,13,44.44%,2.00%,,,,,,,131,#NUM!
15,Documentation,Clear tab names,2 = important,FALSE,11.46%,0.46%,"Every tab must have a clear, descriptive name (e.g., 'Rev_Build', 'IS_Annual'). Generic names like 'Sheet3' are unacceptable.","Every tab has a clear, descriptive, professional name.","One or more tabs retain default names (e.g., 'Sheet1', 'Sheet3') or use cryptic abbreviations not explained in a glossary.",Is each tab named clearly?,"Clear, descriptive tab names (e.g., 'Rev_Build', 'IS_Annual') orient the user immediately. Generic names like 'Sheet3' are unprofessional.",FALSE,N/A,,,,,,,,,,14,46.44%,2.00%,,,,,,,,
16,Documentation,Purpose documentation,1 = highly important,TRUE,10.03%,0.40%,The model should include documentation that clearly articulates its intended purpose and the business question it answers.,Documentation clearly states the purpose.,No documentation of purpose or no documentation at all.,Is there documentation that explains the purpose of the model?,"A statement of purpose tells the reader which business question the model answers before they start reading formulas, and prevents the model from later being reused for a question it was never built to answer.",FALSE,N/A,,,,,,,,,,15,48.10%,1.66%,,,,,,,,
17,Documentation,Scope documentation,2 = important,TRUE,4.01%,0.16%,"Documentation explicitly lists what the model covers, what it excludes, and the boundary assumptions that justify each exclusion.",Documentation clearly states the scope.,No documentation of scope or no documentation at all.,Is there documentation that explains the scope of the model?,"A statement of scope makes explicit what the model does and does not cover, so a reader does not assume that an excluded item - a segment, a jurisdiction, a financing source - has been modeled when it has not.",FALSE,N/A,,,Weighting method explanation:,,,,,,,16,49.76%,1.66%,,,,,,,,
18,Documentation,Key design decisions documentation,2 = important,FALSE,11.46%,0.46%,"The model should include documentation explaining key design decisions (e.g., choice of valuation methodology, granularity of build, consolidation approach) and the reasoning behind them.",Documentation clearly states key design decisions.,No documentation of design decisions or no documentation at all.,Is there documentation that explains key design decisions of the model?,"Documenting key design decisions (valuation methodology, granularity of the build, consolidation approach) lets a reviewer judge whether the chosen approach is appropriate without dissecting the model, and tells a future maintainer which choices were deliberate.",FALSE,N/A,,,"- Base weight from Importance tier: 0 = ultra important → 12, 1 = highly important → 5, 2 = important → 2, 3 = not absolutely crucial → 1 (lookup table, U3:V6).",,,,,,,17,50.86%,1.10%,,,,,,,,
19,Documentation,Version history / change log,3 = not absolutely crucial,FALSE,5.73%,0.23%,"The model should include a version history or change log recording what changed, when, and by whom - on a dedicated tab or in a clearly labeled section of the cover sheet.","A version history or change log records what changed, when, and by whom, on a dedicated tab or in a clearly labeled cover-sheet section.",No version history or change log.,Does the model include a version history or change log?,"A version history/change log records what changed, when, and by whom - essential for audit trail and for understanding differences between versions.",FALSE,N/A,,,"- Discrimination discount - flags items the starting file already satisfies by default, so a pass mostly signals ""the AI didn't break it"" rather than any real skill. Flagged items get cut to 35% of their base weight (×0.35, the Discrimination Factor in V8), since they don't discriminate between strong and weak AI submissions the way a from-scratch item does; the other 124 items keep full weight.",,,,,,,18,51.97%,1.10%,,,,,,,,
20,Documentation,Methodology documentation,2 = important,FALSE,11.46%,0.46%,"Methodology documentation should explain the modeling approach, conventions, and assumptions for stakeholders and users. It may sit outside the workbook, provided the model points to it.","Methodology documentation explains the approach, conventions, and assumptions.","No methodology documentation accompanies the model, or it is referenced but not provided.",Does the model have accompanying methodology documentation?,"A methodology document (might be separate from the model) explains the approach, conventions, and assumptions in detail for the stakeholders involved. It may be a separate file, but the model should reference it so a reader knows it exists and where to find it.",FALSE,N/A,,,"- Normalize within category: the (possibly discounted) weight is divided by the sum of all weights in its Category → ""In-Category Weighting"" (col F). Each category's items sum to 100% among themselves.",,,,,,,19,53.07%,1.10%,,,,,,,,
21,Error Checks,Subtotals tie to totals,1 = highly important,FALSE,8.47%,1.10%,Subtotals must be correct SUMs of their line items and must tie to the totals they roll into. Cross-check that no line items are accidentally excluded from or double-counted in a SUM range.,All subtotals correctly sum their items and tie to totals.,"Subtotals omit items, are mis-derived, or fail to tie to totals.",Do subtotals tie to totals everywhere?,"Subtotals must be complete, correctly derived sums of their line items and must tie to the totals they feed. The two classic failures are a SUM range that stops one row short of the last line item and a line item captured twice through overlapping ranges; neither produces a visible Excel error.",FALSE,N/A,,,"- Scale by category weight: In-Category Weighting × a fixed Category Weighting = ""Overall Weighting of Question"" (col G), summing to 100% across all 132 items. The 12 hand-set category weights (Q3:S14): Accuracy 19%, Structure 14%, ....",,,,,,,20,54.17%,1.10%,,,,,,,,
22,Error Checks,No formula errors,0 = ultra important,FALSE,20.34%,2.64%,"The model must be free of any visible Excel errors (#REF!, #N/A, #DIV/0!, #VALUE!, #NUM!, #NULL!, #NAME?, and in modern Excel #SPILL! and #CALC!).",No visible Excel errors anywhere in the model.,One or more visible Excel errors are present.,"Is the model free of visible Excel errors (#REF!, #N/A, #DIV/0!, #VALUE!, #NUM!, #NULL!, #NAME?, #SPILL!, #CALC!)?","The model should be free of visible Excel errors anywhere, including the #SPILL! and #CALC! errors that dynamic-array formulas can produce. Errors should be fixed at source rather than suppressed.",FALSE,N/A,,,"- All three inputs - the 12/5/2/1 scale, the 0.35 factor, the 12 category weights — are typed constants set by judgment, not derived from anything else in the sheet.",,,,,,,21,55.27%,1.10%,,,,,,,,
23,Error Checks,No unresolved cell warnings,1 = highly important,FALSE,8.47%,1.10%,"The model should contain no unresolved cell warnings. These warnings signal potential issues (numbers stored as text, omitted cells in ranges, inconsistent formulas) that, left unresolved, undermine trust in the model. Warnings that are known false positives (e.g., a year deliberately stored as text) should be dismissed or explained rather than left visible.",No unresolved cell warnings are present.,"Unresolved cell warnings appear, indicating unresolved issues.",Is the model free of unresolved cell warnings (the green triangles Excel shows in the top-left corner of a cell)?,"A green triangle in the top-left corner of a cell flags a potential problem such as a number stored as text, a cell omitted from an adjacent formula range, or an inconsistent formula. A model should be as free of these flags as it is of visible # errors. Where a flag is a known false positive, it should be dismissed or documented.",FALSE,N/A,,,- Individual weighting: ({Base weight x (potential) Discrimination discount} normalized within each category) x category weight,,,,,,,22,56.37%,1.10%,,,,,,,,
24,Error Checks,IFERROR/IFNA used only for expected errors,1 = highly important,FALSE,8.47%,1.10%,"Error handling (e.g., IFERROR, IFNA) should suppress only intentionally produced errors (e.g., a VLOOKUP returning #N/A in early periods before data exists). Genuine errors must remain visible for investigation.",Error handling suppresses only intentional errors; genuine errors stay visible.,Error handling masks genuine errors that should be visible.,"Is IFERROR/IFNA used only for intentional errors, leaving genuine errors visible?","Excel errors should only be suppressed via formulas (i.e., IFERROR/IFNA) if the error was intentionally produced; otherwise the error is a valid indication of issues in the model itself. Blanket IFERROR(…,0) wrapping is a common AI and junior-analyst mistake that silently hides broken references and logic errors.",FALSE,N/A,,,,,,,,,,23,57.47%,1.10%,,,,,,,,
25,Error Checks,Reasonable file size,3 = not absolutely crucial,FALSE,1.69%,0.22%,"File size should be proportionate to the model's content. As a guideline, a typical single-entity operating or valuation model should rarely exceed 10 MB; sizes above 25 MB usually indicate oversized used ranges, legacy formatting, embedded objects, or model bloat. A larger file is acceptable where the content justifies it (e.g., an embedded data extract), provided the reason is documented.","File size is proportionate to content; a typical model stays under 10 MB, and any larger file has a documented justification.","File size is excessive, suggesting bloated ranges, legacy formatting, or embedded objects.",Is the file size reasonable?,"Excessive file size often indicates hidden problems: used ranges extending far beyond the data, legacy formatting, embedded objects, or heavy volatile-function recalculation. A typical single-entity model should rarely exceed 10 MB, and anything above 25 MB warrants an explanation.",FALSE,N/A,,,,,,,,,,24,58.58%,1.10%,,,,,,,,
26,Error Checks,Reasonable recalculation time,3 = not absolutely crucial,FALSE,1.69%,0.22%,"The model should recalculate in a reasonable time (a full recalculation under 5 seconds is a good benchmark for a typical single-entity model). Long recalculation times often point to volatile functions (INDIRECT, OFFSET, NOW), whole-column references, array formulas over large ranges, or overly complex formula chains.",The model recalculates quickly (under 5 seconds for a typical model); no noticeable lag when changing inputs.,"Recalculation is noticeably slow (5 seconds or longer), impeding interactive use and scenario analysis.",Does the model recalc in a reasonable time?,"Long recalculation times frustrate users, impede scenario analysis, and often point to volatile functions (INDIRECT, OFFSET, NOW), whole-column references, excessive array formulas, or overly complex builds. A full recalculation under 5 seconds is a practical benchmark for a typical single-entity model; larger models may take longer but should still allow fluid interaction.",FALSE,N/A,,,,,,,,,,25,59.61%,1.03%,,,,,,,,
27,Error Checks,Cross-sheet value agreement,1 = highly important,FALSE,8.47%,1.10%,"A value for a specific item must match everywhere that item appears across sheets and outputs. Discrepancies between, e.g., net income on the income statement and net income on the cash flow statement are critical failures.",The same item shows a consistent value everywhere it appears.,The same item shows different values in different locations throughout the model.,Does each item show the same value everywhere it appears across sheets and outputs?,"A value shown for a specific item must agree with every other cell or output showing that same item. Divergence between, for example, net income on the income statement and net income at the top of the cash flow statement is a critical failure, and usually means one of the two has been overwritten or linked to the wrong source.",FALSE,N/A,,,,,,,,,,26,60.64%,1.03%,,,,,,,,
28,Error Checks,Clean Name Manager,3 = not absolutely crucial,FALSE,1.69%,0.22%,"The Name Manager should contain only current, actively referenced defined names. Orphaned or outdated entries should be removed before delivery. Hidden names generated by Excel or by add-ins are not counted against this item.","The Name Manager holds only current, in-use names.","Unused, outdated, or #REF! defined names remain in the Name Manager (hidden names in the Name Manager do not count in that sense and will not lead to a disqualification).",Is the Name Manager free of unused or outdated defined names?,"Leftover defined names may point to ranges that no longer exist, produce #REF! entries, and make it harder to tell which names the model actually relies on. The Name Manager should be cleaned before delivery; hidden system-generated names do not count against this item.",FALSE,N/A,,,,,,,,,,27,61.68%,1.03%,,,,,,,,
29,Error Checks,Dedicated check rows,1 = highly important,FALSE,8.47%,1.10%,"Dedicated check rows should validate key calculations (e.g., totals tying, balance sheet balancing) so internal consistency is visible at a glance.",Dedicated check rows validate key calculations and surface inconsistencies.,The reader must manually re-derive totals or trace formulas to verify internal consistency; no rows surface pass/fail status.,Does the model contain dedicated check rows to validate calculations?,"Dedicated check rows make internal consistency visible at a glance, instead of requiring the reviewer to re-derive totals or trace formulas to confirm the model hangs together.",FALSE,N/A,,,,,,,,,,28,62.71%,1.03%,,,,,,,,
30,Error Checks,Error-check sheet,1 = highly important,FALSE,8.47%,1.10%,"A dedicated error-check sheet or summary should centralize integrity tests (balance checks, cash tie, roll-forward checks) and automatically flag issues.",A dedicated error-check sheet centralizes tests and flags issues automatically.,"Check formulas, if they exist, live on the same sheets as the calculations they test, so a reviewer must tab through the entire workbook to assess integrity.",Does the model contain a dedicated error-checking sheet or a summary that automatically flags issues?,"A dedicated error-check sheet (balance checks, cash tie, rollforward checks, etc.) centralizes integrity testing and makes it easy to see at a glance whether the model is internally consistent.",TRUE,"Applies: cases implying a multi-sheet build where integrity tests span more than one sheet - balance-sheet balance, cash tie, roll-forward continuity, cross-statement agreement, or the reconciliation of a detailed build to an aggregated view of the same model - so that centralizing them lets a reviewer judge the whole workbook from one place. N/A: cases implying a one- or two-sheet deliverable, where a clearly labeled check block on the calculation sheet itself serves exactly the same purpose and a separate tab would be pure overhead. How to tell from the starting file: does the brief require linked statements, several interdependent schedules, or a second aggregated view of the same model? If yes, apply. Note: this item governs only whether checks are centralizED and flag automatically. The requirement that the model contain validation checks at all is a separate check that stays in force for every model, so a build with no checks anywhere is still penalized there even where this item is marked N/A.",,,,,,,,,,29,63.74%,1.03%,,,,,,,,
31,Error Checks,Master error flag,1 = highly important,FALSE,8.47%,1.10%,"A master error flag on the cover or summary page should use conditional formatting (e.g., turning red) to instantly indicate whether any check is failing.",A master error flag on the cover/summary instantly signals any failing check.,No master error flag on the cover/summary.,Is there a master error flag visible on cover/summary page?,A master error flag on the cover/summary (conditional format turning red if any check fails) instantly tells the user whether the model still contains errors to fix.,TRUE,"Applies: cases implying a build with a cover, dashboard or summary page - in practice most multi-sheet models - where a reviewer would otherwise have to navigate to the check area to learn whether anything is failing. N/A: cases implying a single-sheet deliverable whose check block is already in view without navigating, so a roll-up flag would only restate what is on screen. How to tell from the starting file: ask whether the case is large enough to warrant a cover or summary tab - several schedules, linked statements, or a set of outputs to present. If yes, apply. Do not mark N/A merely because the brief says nothing about error checks; case briefs almost never mention them, and silence is not an exemption.",,,,,,,,,,30,64.74%,1.01%,,,,,,,,
32,Error Checks,Consistent units,1 = highly important,FALSE,8.47%,1.10%,"Units must be consistent across the model (e.g., all in $mm or all in $000s). No mixing of scales. Where a different unit is genuinely appropriate (e.g., price per unit, headcount, or a per-share figure), it must be labeled explicitly.","Units are consistent across the model with no mixing of scales; where a different unit is genuinely appropriate (e.g., price per unit or a per-share figure), it is labeled explicitly.","Units or scales are mixed without labeling (e.g., $mm in one place, $000s in another).",Are units used consistently across the model?,"Consistent units (all in $mm, or all in $000s, etc.) across the model prevent the classic error of mixing scales, and make the model both easier to read and easier to audit. Where a different unit is genuinely appropriate - a price per unit, a headcount, a per-share figure - it must be labeled explicitly at the row or block level.",FALSE,N/A,,,,,,,,,,31,65.54%,0.80%,,,,,,,,
33,Error Checks,Units carried through correctly,2 = important,FALSE,3.39%,0.44%,Units defined on the assumptions sheet must carry through correctly to calculation and output sheets with no mid-model scale changes. Scale changes that might be necessary to bring all units on the calculations sheet to the same magnitude are okay.,Assumption units carry through to calculations and outputs unchanged.,Units are not carried through correctly; a scale change (that is not needed to bring all units on the calculations sheet to the same magnitude) occurs mid-model.,Were units from the assumptions sheet properly transferred to the calculations and output sheets?,"A scale change introduced partway through the model - assumptions in $000s feeding outputs presented in $mm without conversion - produces results that are wrong by a factor of a thousand while every formula still evaluates cleanly. Units defined on the assumptions sheet must carry through unchanged, or be converted explicitly in a labeled step.",FALSE,N/A,,,,,,,,,,32,66.34%,0.80%,,,,,,,,
34,Error Checks,Justified repeated calculations,2 = important,FALSE,3.39%,0.44%,"The same calculation should not be computed in more than one place unless there is a clear reason (e.g., display on multiple tabs with a cell reference, not a re-derivation).",Calculations are not repeated; any duplication is justified and uses cell references.,The same calculation is re-derived in multiple places without justification.,"Are repeated calculations avoided - and where a value does appear in more than one place, is it repeated by reference rather than re-derived?","Repeated calculations (same thing computed in two places) are a source of divergence errors and make the model inflexible for later changes of the underlying calculations. If repetition exists, there should be a clear reason (e.g., display on multiple tabs).",FALSE,N/A,,,,,,,,,,33,67.04%,0.69%,,,,,,,,
35,Flexibility,Multi-unit coverage,3 = not absolutely crucial,FALSE,3.57%,0.23%,"When multiple business units, divisions, or locations are in scope, the model should use a segmented structure with consolidation logic and, where applicable, inter-company eliminations and transfer pricing. A single-unit case satisfies this item by default.","Multiple units are handled with a segmented structure, proper consolidation, and inter-company eliminations or transfer pricing where applicable - or the case involves a single unit, in which case the item is satisfied by default.","Multiple units are in scope but the model lacks segmentation, consolidation logic, or required eliminations.","Where multiple business units, divisions, or locations are in scope, does the model use a segmented structure with appropriate consolidation logic and eliminations?","Multi-unit, multi-division, or multi-location models require a segmented structure, consolidation logic, and potentially inter-company eliminations. This shapes architecture significantly, and retrofitting segmentation later usually means a rebuild. Where the case involves only one unit, no segmentation is required and the item is satisfied.",TRUE,"Applies: cases with more than one business unit, division, product line, product category, geography, legal entity, site or asset class in scope, or where consolidating several builds is itself part of the deliverable. N/A: genuinely single-unit, single-entity cases with one revenue stream and one cost base. How to tell from the starting file: look on the assumptions tab for a product, segment, entity or region table, or for drivers stated per category - a product list with its own growth rate per category counts as multi-unit for the segmentation part of this item. Inter-company eliminations and transfer pricing are only in scope where separate legal entities or internal trade are actually stated; grade only what the case puts in scope. A list of comparable companies is input data for a valuation, not a set of segments, and does not trigger this item.",,,,,,,,,,34,67.73%,0.69%,,,,,,,,
36,Flexibility,Capitalization switches,3 = not absolutely crucial,FALSE,3.57%,0.23%,"Where the case warrants alternative accounting treatment, switches (flags) should allow assets to be capitalized or expensed without rebuilding the model. A case that never requires such a treatment change satisfies this item by default.",Switches allow the capitalize-versus-expense treatment to be changed where the case warrants it - or the case does not require such treatment changes.,"The case warrants capitalize-versus-expense analysis, but no switches exist and the change would require a rebuild.","Where the case warrants alternative accounting treatment, do switches allow assets to be capitalized or expensed without a rebuild?","Switches (flags) that toggle between capitalizing and expensing allow what-if analysis on accounting treatment without rebuilding the model. Where the case never raises such a question, the item is satisfied by default.",TRUE,"Applies: cases where capitalize-versus-expense is a live question - R&D, software or development costs, leases, tooling, major maintenance, exploration, borrowing costs - or where the brief asks for an accounting-treatment sensitivity or a comparison of treatments. N/A: cases where the treatment of every cost is settled by the brief or by the nature of the spend ('R&D is x% of net revenue', 'machines are depreciated straight-line over n years'), so a switch would toggle between one permitted answer and one forbidden one. How to tell from the starting file: read the cost and capex rules on the instructions and assumptions tabs. If the treatment of every category is prescribed, mark N/A. If a treatment is left open, or the brief asks what the result would be under the alternative, apply.",,,,,,,,,,35,68.42%,0.69%,,,,,,,,
37,Flexibility,Reuse as planning tool,2 = important,FALSE,7.14%,0.46%,"If the model was created to evaluate a business opportunity and later reuse (e.g., as an ongoing planning tool) is foreseeable, the design should support that reuse. If no reuse is foreseeable (i.e. ruled out in the instructions), the item is satisfied by default.","Design supports both initial evaluation and foreseeable later reuse (e.g., as a planning tool) - or no ongoing reuse is foreseeable.",Design suits only one-time evaluation despite a foreseeable need for ongoing reuse.,"Where the model is likely to be reused later (e.g., as an ongoing planning tool), does the build support that reuse?","A one-time transaction model differs from a planning tool in refresh cadence, required flexibility, and output depth. Where later reuse is foreseeable, that must shape design choices today; where no reuse is foreseeable, the item is satisfied by default. This item assesses the flexibility of the build; whether the overall structure matches the deal-versus-planning intent is assessed separately under Structure.",TRUE,"Applies: cases where the brief indicates the model will be refreshed, maintained or reused - budgeting, forecasting, FP&A, ongoing monitoring, a rolling plan, a tool to be handed to a client - or where reuse is the natural next step from the stated purpose. N/A: strictly one-off analyses where reuse is ruled out or clearly not contemplated - a one-time valuation answering a fixed question set from a static data pack. How to tell from the starting file: read the task framing at the top of the instructions tab. 'FP&A task', 'build an operating plan', 'monthly liquidity model' means apply. 'Valuation task - value the company from this data and answer these questions' means N/A.",,,,,,,,,,36,69.12%,0.69%,,,,,,,,
38,Flexibility,Time-period flexibility,0 = ultra important,FALSE,42.86%,2.79%,"Assumptions and time periods must be updated (rolled forward, extended, or re-granularized) without manual rework.",Assumptions and periods update easily; the model rolls forward without rework.,Updating periods or rolling forward requires extensive manual rework.,"Can time periods and their assumptions be updated - rolled forward, extended, or re-granularized - without manual rework?","Temporal flexibility means assumptions and time periods can be updated easily (e.g., rolling the model forward by a quarter, extending projections, or adjusting period granularity between monthly, quarterly, and annual) without manual rework. Date-driven logic should cascade from a single period-start cell. Critical for ongoing-use models.",TRUE,"Applies: any case with a period timeline - forecasts, schedules, budgets, roll-forwards, amortization or coupon schedules - where extending the horizon, rolling the start date forward, or changing granularity (daily, monthly, quarterly, annual) is conceivable. N/A: cases with no time dimension - a single-point valuation, a snapshot allocation, a one-shot sizing calculation. How to tell from the starting file: look for a model duration, start date, forecast period or maturity on the assumptions tab. Where a 'model duration' or 'forecast period' input exists, apply, and expect the horizon and every period header to be driven from that cell rather than hardcoded or extended by hand. A brief stating that the model 'must remain correct for any combination of the inputs' makes this item central rather than optional.",,,,,,,,,,37,69.81%,0.69%,,,,,,,,
39,Flexibility,"Driver-based, formula-linked architecture",0 = ultra important,FALSE,42.86%,2.79%,The model should be driver-based and formulaic so that changes to inputs or additions of new line items can be made quickly.,The model is driver-based and formulaic; changes and additions are quick.,The model relies on hardcoded values or rigid structures that require manual rework to update or extend.,"Is the model built in a flexible, dynamic way, so that changes or additions can be made quickly?","A flexible, dynamic build (driver-based, formulaic, no hardcoded calcs) allows the model to respond quickly to changes and remain useful over time.",FALSE,N/A,,,,,,,,,,38,70.50%,0.69%,,,,,,,,
40,Formatting,Actuals vs. forecast demarcation,1 = highly important,FALSE,5.72%,0.54%,"Actuals (historical, fixed) and forecasts (editable, driver-based) should be clearly separated by labeling, formatting or a vertical divider so the transition point is obvious.",Actuals and forecasts are clearly separated; the transition point is obvious.,"Actuals and forecasts look identical, are not labeled, and/or the transition point is unclear.",Are actuals clearly separated from forecasts (different formatting/a vertical divider)?,"Clear separation between actuals (historical, fixed) and forecast (editable, driver-based) prevents the user from accidentally overwriting history and makes the transition point obvious.",TRUE,"Applies: cases that supply historical or actual data alongside a forecast - opening or closing balances for a prior year, reported financials to be extended, a base period the model must continue from, actual-versus-budget columns. N/A in two distinct situations: cases that are entirely forward-looking with no historical period (a greenfield project, a new venture, a pure scenario build), AND cases that are entirely historical or static with no forecast at all (a table of reported figures, a comparable-company set). In both there is no transition point to mark. How to tell from the starting file: does the pack supply a closing balance sheet, prior-year actuals, or a base period the model must continue from? If yes, apply, and expect the boundary between the last actual and the first forecast column to be visible without reading formulas.",,,,,,,,,,39,71.20%,0.69%,,,,,,,,
41,Formatting,Input cells marked,1 = highly important,TRUE,2.00%,0.19%,"Input cells must be visually marked (color, shading, border) so users immediately know where they can safely enter values.",Input cells are clearly marked as safe-to-edit.,Input cells are not distinguished from formula cells via formatting.,"Are input cells visually marked (color, shading, or border) so users know where to enter values?","Input cells should be visually marked (color, shading, border) so users immediately know where they can safely enter values without destroying the model.",FALSE,N/A,,,,,,,,,,40,71.89%,0.69%,,,,,,,,
42,Formatting,Input cells data validation,2 = important,FALSE,2.29%,0.22%,"Key input cells should use data validation to constrain entries to allowable ranges or types, warning the user when an entry falls outside the range deemed appropriate.","Key input cells use data validation to constrain entries to sensible ranges, types, or lists, so an out-of-range entry is rejected or flagged at the point of entry.","Input cells accept any entry; no data validation constrains values, types, or lists, even where an out-of-range entry would break the model silently.",Do key input cells use data validation to constrain entries to allowable ranges or types?,"Data validation stops an implausible input at the point of entry rather than letting it propagate into the outputs, and a dropdown list also documents the permitted values for the next user. It is most valuable where a wrong entry is silent rather than obvious - a growth rate entered as 5 instead of 0.05, a scenario selector pointing at a case that does not exist, or a date outside the model's timeline.",TRUE,"Applies: cases calling for user-operated controls - scenario or case selectors, toggles, switches, sensitivity inputs, or a dropdown-driven choice such as coupon frequency or day-count basis - and cases containing bounded inputs where a wrong entry would propagate silently instead of breaking visibly (rates that must lie between 0% and 100%, dates that must fall inside the model timeline, a text input that must match one of a listed set of values). N/A: cases that are a fixed computation from a supplied input set, with no cell a user is expected to change after delivery. How to tell from the starting file: does the brief ask for scenarios or sensitivities, state that the model must remain correct for other input combinations, or hand over an input whose permitted values are enumerated? If yes, apply. Borderline: a 'model duration', 'start date' or 'frequency' input is user-operable even where no scenarios are requested, so apply where such a cell exists.",,,,,,,,,,41,72.58%,0.69%,,,,,,,,
43,Formatting,Reasonable number formats,2 = important,FALSE,2.29%,0.22%,"Number formats should be reasonable: no excess decimals, currency symbols where needed, thousands separators applied.",Number formats are sensible and professional.,"Number formats are unreasonable (e.g., excess decimals, missing symbols or separators).",Are chosen number formats reasonable?,"Reasonable number formats (no excess decimals, currency symbols where needed, thousands separators) make outputs readable and professional.",FALSE,N/A,,,,,,,,,,42,73.27%,0.69%,,,,,,,,
44,Formatting,Consistent number formats,1 = highly important,FALSE,5.72%,0.54%,Number formats must be consistent across the model for comparable values.,Number formats are consistent for comparable values across the model (also consistent is the number of shown decimals for comparable values).,Number formats vary inconsistently for comparable values.,Are chosen number formats used consistently?,Consistent number formats across the model avoid confusion and support quick visual scanning.,FALSE,N/A,,,,,,,,,,43,73.86%,0.59%,,,,,,,,
45,Formatting,No bright-yellow highlighting,1 = highly important,FALSE,5.72%,0.54%,"Bright yellow highlighting used during model construction to flag TBD, placeholder, or work-in-progress items must be entirely removed from the final deliverable. This does not apply to yellow used intentionally in the delivered model for a defined purpose - for example conditional formatting on error-check rows, a documented convention for marking input cells, or flagging assumptions that require periodic review - provided such usage is to be explained in the model's glossary or conventions guide.","No bright yellow cells signaling unfinished or placeholder work remain in the final product. Any yellow used intentionally for a documented, ongoing purpose (e.g., error-check conditional formatting, marked input cells, flagged review items) is explained in the glossary or conventions.","Cells with bright yellow fill that appear to mark unfinished, placeholder, or TBD items remain in the delivered workbook, signaling incomplete work - or yellow is used for an ongoing purpose but is not documented in the glossary, making it indistinguishable from leftover WIP markers.","Is the final product free of bright yellow highlighting signaling unfinished work, with any intentional use of yellow documented?","Bright yellow is the standard highlight color for work-in-progress or TBD items during model construction, and any left in the delivered file signals incomplete work. Yellow used deliberately for a defined, ongoing purpose - error-check conditional formatting, marked input cells, flagged review items - is acceptable, but only where the glossary or conventions section documents that meaning; otherwise the reader cannot distinguish it from a leftover WIP marker.",FALSE,N/A,,,,,,,,,,44,74.45%,0.59%,,,,,,,,
46,Formatting,Blue font for hardcoded inputs,1 = highly important,FALSE,5.72%,0.54%,Hardcoded inputs must use blue font per industry-standard color coding.,Hardcoded inputs consistently use blue font.,Inputs do not use blue font.,Is the font color of inputs blue?,"Blue font marks a cell as a hardcoded input that a user may safely change. Applied consistently, it lets an auditor see at a glance which numbers drive the model and which are derived from it.",FALSE,N/A,,,,,,,,,,45,75.01%,0.56%,,,,,,,,
47,Formatting,Black font for calculations,1 = highly important,FALSE,5.72%,0.54%,Formulas and calculations must use black font per industry-standard color coding.,Formulas and calculations consistently use black font.,Calculations do not use black font.,Is the font color of calculations black?,"Black font marks a cell as a formula calculated on its own sheet. Together with blue inputs, it lets a reviewer distinguish derived values from entered ones without clicking into each cell.",FALSE,N/A,,,,,,,,,,46,75.55%,0.54%,,,,,,,,
48,Formatting,Green font for cross-sheet links,2 = important,FALSE,2.29%,0.22%,Cells linking to other sheets should use green font per industry-standard color coding.,Cross-sheet links consistently use green font.,Cross-sheet links do not use green font.,Is the font color of calculation cells that are linked to other sheets green?,"Green font marks a formula that pulls its value from another sheet in the same workbook, so a reviewer can see immediately where a number crosses a sheet boundary and needs tracing elsewhere.",TRUE,"Applies: any case whose scope implies more than one sheet - in practice nearly all - so that inputs, calculations and outputs sit on different tabs and cross-sheet links exist to be colored. N/A: only where the case genuinely implies a single-sheet deliverable, so no cross-sheet reference can exist and the item could only ever be passed vacuously. How to tell from the starting file: if the case pack itself separates instructions, assumptions, data and questions across tabs, or the brief demands several schedules, apply. Note: this item gates only the green cross-sheet-link convention. Blue font for hardcoded inputs, black font for calculations, and the requirement that whatever color scheme is used be applied consistently are separate checks that stay in force for every model and are not switched off with it.",,,,,,,,,,47,76.09%,0.54%,,,,,,,,
49,Formatting,Red font for external links,3 = not absolutely crucial,FALSE,1.14%,0.11%,"Cells containing external links (references to other workbooks) should use red font per industry-standard color coding. If the model contains no external links, this item is satisfied by default.",External links consistently use red font - or no external links exist (satisfied by default).,"External links are present but do not use red font, making them indistinguishable from internal formulas or cross-sheet links.",Is the font color of cells that are linked externally red?,"Red font marks a formula that references another workbook. Because external links break when the source file moves and hide dependencies (see 'No external links'), they must be visible on sight. A model with no external links satisfies this item by default.",TRUE,"Applies: only where the case supplies data in a SEPARATE workbook, or explicitly permits or requires references to another file - a market-data extract, a supplied comparables workbook to be linked rather than copied, a group template fed from subsidiary files. N/A: self-contained case packs delivered as a single workbook - the normal situation - where external links should not exist at all and the color convention has nothing to describe. How to tell from the starting file: count the files handed over and read whether the brief permits or requires linking out. One file and no permission means N/A. Note: this item covers only the color convention where such links are legitimate. The requirement that a model contain no undisclosed external links to other workbooks is a separate danger check that stays in force for every model, so a build that links out anyway is still penalized there.",,,,,,,,,,48,76.64%,0.54%,,,,,,,,
50,Formatting,Consistent color coding,1 = highly important,FALSE,5.72%,0.54%,"The color-coding scheme (blue inputs, black formulas, green links, red external links) must be applied consistently throughout. Inconsistent color coding is worse than none.",Color coding is applied consistently across the entire model. Cell purpose is immediately clear from color alone.,"Color coding is applied inconsistently, making cell types unreliable to identify by color.",Is the industry-standard color coding used consistently?,"Color coding only works when applied consistently. Inconsistent color coding is worse than none, as it misleads the reader.",FALSE,N/A,,,,,,,,,,49,77.18%,0.54%,,,,,,,,
51,Formatting,Consistent formatting,1 = highly important,FALSE,5.72%,0.54%,"Formatting (fonts, sizes, alignment, borders, section styling) should be consistent across all sheets. Compare across sheets, not just within a single sheet.","The same font family, sizing, and styling are used consistently across all sheets for comparable content.","Different sheets use different fonts, sizes, or styles for comparable content.",Is formatting in general (especially font formatting) used consistently throughout the model?,"Consistent formatting overall (fonts, alignment, borders, section styling) is professional practice and supports efficient review.",FALSE,N/A,,,,,,,,,,50,77.72%,0.54%,,,,,,,,
52,Formatting,Limited color palette,2 = important,FALSE,2.29%,0.22%,"The number of additional colors used beyond the industry-standard blue/black/green/red convention should be limited to a small, cohesive palette rather than a wide variety of different colors.","Only a limited number of additional colors (or none) are used as font color (beyond the industry-standard blue/black/green/red convention), background color, and tab color, forming a cohesive palette rather than a rainbow of different hues.","A wide variety of different colors is used throughout the model, creating an unprofessional, overly colorful appearance.","Is the number of additional colors (beyond industry-standard coding) limited to a small, cohesive palette?",Limiting the additional color palette keeps the model professional and ensures the intentional industry-standard color coding remains the dominant visual signal. Too many colors distract and overwhelm the reader.,FALSE,N/A,,,,,,,,,,51,78.27%,0.54%,,,,,,,,
53,Formatting,No colors that mimic standard coding,2 = important,FALSE,2.29%,0.22%,"Additional colors must not closely resemble the standard blue/black/green/red coding, which would mislead the reader about cell types.","No additional colors closely resemble the blue, black, green or red used in the industry-standard color-coding convention.","Colors are used that closely resemble the industry-standard color coding, making it unreliable to identify cell types by color.",Are additional colors kept clearly distinct from the industry-standard blue/black/green/red coding?,"If additional colors resemble the standard coding colors, readers can no longer reliably identify inputs, formulas, cross-sheet links, and external links by color alone, undermining the primary purpose of the convention.",FALSE,N/A,,,,,,,,,,52,78.81%,0.54%,,,,,,,,
54,Formatting,Minimal non-standard color usage,2 = important,FALSE,2.29%,0.22%,The number of cells and elements carrying additional color formatting (beyond cells subject to the industry-standard color coding) should be limited to avoid visual clutter and distraction from the intentional coding scheme.,"Only a limited number of cells and elements beyond those subject to industry-standard color coding carry additional color formatting (font, background, or tab color).","Too many cells or elements are colored beyond the standard coding scheme, creating visual clutter that distracts from the intentional color-coding.",Are additional color-formatted cells and elements (beyond industry-standard coding) kept to a minimum?,"Even with an appropriate palette, applying color to too many cells or elements dilutes the visual signal of the industry-standard coding and makes the model look unprofessional.",FALSE,N/A,,,,,,,,,,53,79.35%,0.54%,,,,,,,,
55,Formatting,Sparing conditional formatting,2 = important,FALSE,2.29%,0.22%,"Conditional formatting should be limited to error-check rows, data-validation indicators, and threshold alerts, and must not override the blue/black/green/red color-coding convention.",Conditional formatting is limited and does not conflict with the color-coding scheme.,"Conditional formatting overrides color coding, making cell types unreliable to identify by color.","Is conditional formatting used sparingly, and not conflicting with the standard color-coding scheme?","Overuse of conditional formatting can override the blue/black/green/red color-coding convention and make cell colors unreliable for distinguishing inputs from formulas. Where used, it should be limited - primarily to error-check rows, data-validation indicators, and threshold alerts.",FALSE,N/A,,,,,,,,,,54,79.90%,0.54%,,,,,,,,
56,Formatting,Sparing border usage,3 = not absolutely crucial,FALSE,1.14%,0.11%,"Borders should be used sparingly to partition sections and separate key areas of the model. Excessive border usage creates a cluttered, unprofessional look.","Borders are used sparingly to partition sections; the model has a clean, uncluttered appearance.","Excessive borders are applied throughout the model, creating a cluttered and unprofessional look.",Are borders used sparingly to partition sections without excessive use?,"Borders should serve a structural purpose - partitioning information into logical sections. Overuse clutters the visual layout, makes sections harder to distinguish rather than easier, and looks unprofessional.",FALSE,N/A,,,,,,,,,,55,80.36%,0.46%,,,,,,,,
57,Formatting,Header & title shading,3 = not absolutely crucial,FALSE,1.14%,0.11%,"Shading (cell fill color) should be used consistently to highlight headers and titles only, making them visually distinct from data rows.","Shading is applied consistently to headers and titles only, making headings visually distinct from data rows in a professional manner.","Shading is applied excessively across many rows or sections, or headings are not visually distinct from data rows.","Is shading used consistently and only for headers and titles, following professional conventions?","Coloring and shading of subtitles, headers, and titles should be consistent. Shading applied beyond headers dilutes their visual prominence and creates clutter.",FALSE,N/A,,,,,,,,,,56,80.82%,0.46%,,,,,,,,
58,Formatting,Totals visually distinguished,2 = important,FALSE,2.29%,0.22%,Totals and subtotals should be bolded or otherwise visually distinguished from regular line items.,"Totals and subtotals are visually distinguished (e.g., bolded, underlined).",Totals and subtotals are indistinguishable from regular line items.,Are totals and subtotals bolded or otherwise visually distinguished from regular line items?,Totals and subtotals should be visible at first glance and therefore visually distinct from the regular line items feeding them.,FALSE,N/A,,,,,,,,,,57,81.28%,0.46%,,,,,,,,
59,Formatting,Consistent zoom level,2 = important,FALSE,2.29%,0.22%,"Every sheet should use the same zoom level across the entire workbook (commonly 75%, 80%, or 100%) so the model does not jump in scale when navigating between tabs.","All sheets use the same zoom level (commonly 100%, 80%, or 75%), providing a consistent viewing experience.","Zoom levels vary across sheets, creating an inconsistent and unprofessional viewing experience.","Is a consistent zoom level (100%, 80%, or 75%) applied across all sheets?","Inconsistent zoom levels across tabs disrupt the reader's experience and signal a lack of attention to detail. A uniform zoom (typically 100%, 80%, or 75%) across all sheets is professional practice.",FALSE,N/A,,,,,,,,,,58,81.73%,0.46%,,,,,,,,
60,Formatting,Active cell reset to A1 on all sheets,3 = not absolutely crucial,FALSE,1.14%,0.11%,"The cursor should be parked at cell A1 (or the sheet's designated home cell) on every sheet before delivery, so that each tab opens at its intended starting position.","The cursor is parked at A1, or at the sheet's designated home cell; each tab opens at its intended starting position.","The cursor is left mid-sheet on one or more tabs, causing sheets to open at unexpected positions.",Is the cursor parked at cell A1 (or the sheet's designated home cell) on every sheet?,Parking the cursor at A1 before delivery ensures the reader sees the top-left starting position of each sheet on opening. A cursor left mid-sheet is a common oversight that signals incomplete preparation.,FALSE,N/A,,,,,,,,,,59,82.19%,0.46%,,,,,,,,
61,Formatting,Text left-aligned,2 = important,FALSE,2.29%,0.22%,"Text values should be left-aligned, with one standard exception: column headers above numeric columns (e.g., period labels such as 'FY2024A') may be right-aligned or centered so they align with the values beneath them.",Body text and row labels are left-aligned; column headers over numeric columns may instead be right- or center-aligned.,"Text alignment is inconsistent or arbitrary (e.g., row labels right-aligned).",Are all text values left-aligned inside their cells?,Left-aligned text is the Excel default and the industry norm; row labels that drift to other alignments make a column of labels harder to scan. Column headers sitting above numeric columns are the standard exception and may be right-aligned or centered so they sit over their values.,FALSE,N/A,,,,,,,,,,60,82.65%,0.46%,,,,,,,,
62,Formatting,Numbers right-aligned,2 = important,FALSE,2.29%,0.22%,Numerical values should be right-aligned within their cells.,Numerical values are right-aligned.,Numerical values are not consistently right-aligned.,Are all numerical values right-aligned inside their cells?,"Right-aligned numbers line up on their digits, so magnitudes can be compared down a column at a glance. It is both the Excel default for numeric values and the industry norm.",FALSE,N/A,,,,,,,,,,61,83.11%,0.46%,,,,,,,,
63,Formatting,Negatives in parentheses,2 = important,FALSE,2.29%,0.22%,"Negative values should be displayed in parentheses, not with a minus sign, per finance convention.","Negative values use parentheses, e.g., (123).","Negative values use a minus sign, e.g., -123.",Are negative values displayed with parentheses format instead of -?,"Finance convention shows negatives in parentheses rather than with a minus sign, because parentheses are easier to spot when scanning a column of figures. The convention should be applied through number formatting so it holds everywhere the value appears.",FALSE,N/A,,,,,,,,,,62,83.57%,0.46%,,,,,,,,
64,Formatting,Zeros as dashes,3 = not absolutely crucial,FALSE,1.14%,0.11%,Zero values should be displayed as dashes (-) rather than '0' per finance convention.,Zero values display as dashes.,Zero values display as '0'.,Are numerical values that are zero displayed as dashes instead of 0?,"Finance convention displays zero as a dash rather than '0', which keeps a grid of figures readable and makes genuinely populated cells stand out. This is a display convention only - the underlying value remains zero.",FALSE,N/A,,,,,,,,,,63,84.01%,0.44%,,,,,,,,
65,Formatting,Thousands separators,3 = not absolutely crucial,FALSE,1.14%,0.11%,"Monetary and other (large) quantity values should be formatted with a thousands separator. Values that conventionally carry none - years (2024, not 2,024), percentages, valuation multiples (e.g., 7.5x), and per-unit figures - are excluded.","Thousands separators are applied to monetary and quantity values; years, percentages, multiples, and per-unit figures correctly carry none.","Large monetary/quantity values lack thousands separators, or separators are wrongly applied (e.g., years shown as 2,024).","Are monetary and quantity values formatted with a thousands separator, with years, percentages, multiples, and per-unit figures correctly excluded?","Thousands separators make large figures readable at a glance and are standard practice. Values that conventionally carry none - years (2024, not 2,024), percentages, valuation multiples, and per-unit figures - must be excluded, since a separator on a year is an immediate signal of careless formatting.",FALSE,N/A,,,,,,,,,,64,84.45%,0.44%,,,,,,,,
66,Formatting,Currency stated,1 = highly important,FALSE,5.72%,0.54%,"The currency used in the model must be clearly stated as a unit, and stated per block or column, especially in cases where FX is involved.","The currency is clearly stated as a unit, including for each block or column.","The currency is not stated, leaving values ambiguous.",Is the currency clearly stated as a unit inside the model?,"Currency is a unit like any other and should be stated wherever values are presented - in the block or column header, not only on a cover sheet. This becomes critical wherever FX is involved: without a stated currency per block, a reader cannot tell whether a figure has already been translated, and adding two currencies together is a silent and expensive error.",TRUE,"Applies: any case containing monetary values - nearly all - and with particular force where more than one currency appears or any FX translation is required, in which case the currency must be stated per block or per column and the rate used made explicit. N/A: only cases with no monetary figures anywhere - a pure volume, headcount, capacity, utilization, day-count or timing model. How to tell from the starting file: scan the assumptions tab and the answer tab for currency units or unit tags such as [$] or [EURm]. An FX table, or a mix of currency tags, means apply and grade strictly. A case whose answers are all in days, units or percentages means N/A.",,,,,,,,,,65,84.86%,0.41%,,,,,,,,
67,Formatting,Sufficient column widths,2 = important,FALSE,2.29%,0.22%,Column widths must be sufficient to display all values without truncation or '###'.,All values display fully; no truncation or '###'.,Some columns truncate values or show '###'.,Are all column widths sufficient to display values without truncation or displaying '###'?,Truncated values and '###' make a model unreadable and can hide the very figure the reader is looking for. Column widths must accommodate the values displayed.,FALSE,N/A,,,,,,,,,,66,85.28%,0.41%,,,,,,,,
68,Formatting,Reasonable column widths,3 = not absolutely crucial,FALSE,1.14%,0.11%,Column widths should not be excessive.,"Columns are no wider than their content requires; several full-width columns fit on screen at once, and long text is wrapped rather than accommodated by widening the column.","The model contains excessively wide columns (rule of thumb: wider than roughly 75-80 characters at the default font), or long text is left unwrapped.","Are column widths kept reasonable, with long text wrapped rather than accommodated by very wide columns?","Excessively wide columns push content off-screen and force horizontal scrolling to read a single row. Where a long text entry is needed, wrapping the text is preferable to widening the column.",FALSE,N/A,,,,,,,,,,67,85.69%,0.41%,,,,,,,,
69,Formatting,Consistent column widths,2 = important,FALSE,2.29%,0.22%,Calculation columns on a sheet should share a consistent width. Header/text/unit columns may be wider.,Calculation columns share a consistent width.,Calculation column widths vary inconsistently.,"Are column widths used consistently, with calculation columns on the same sheet sharing one width and header/text columns allowed to be wider?","Calculation columns of equal width keep the timeline visually even, so figures line up down the sheet and a resized column stands out immediately as an anomaly. Header, label, and unit columns are the standard exception and may be wider, since they carry text rather than periods.",FALSE,N/A,,,,,,,,,,68,86.10%,0.41%,,,,,,,,
70,Formatting,Consistent row heights,2 = important,FALSE,2.29%,0.22%,Row heights should be consistent within each tab.,Row heights are consistent within each tab - Header rows may be higher.,Row heights vary within a tab (exception: header rows).,Are all row heights consistent within each tab?,"Consistent row heights keep a sheet visually even and make it obvious when a row has been resized to accommodate or conceal something unusual. Header rows may be taller, as they often carry wrapped labels.",FALSE,N/A,,,,,,,,,,69,86.51%,0.41%,,,,,,,,
71,Formatting,Reasonable row heights,3 = not absolutely crucial,FALSE,1.14%,0.11%,Row heights should not be excessive.,"Row heights are reasonable - by default, rows should be only one line high. While rows higher than one line are acceptable, they should be used sparingly.",The model contains excessively tall rows (rule of thumb: taller than roughly 60 points).,Are row heights kept reasonable?,Excessively tall rows waste screen space and reduce the number of line items visible at once. Rows should be a single line high by default; taller rows are acceptable but should be used sparingly.,FALSE,N/A,,,,,,,,,,70,86.92%,0.40%,,,,,,,,
72,Formatting,No merged cells,1 = highly important,FALSE,5.72%,0.54%,"Merged cells break Excel's grid logic (broken formulas, sorting failures, reference errors). Use Center Across Selection instead to preserve grid integrity.",No merged cells; Center Across Selection is used where needed.,Merged cells are present. (Merged cells on the Instructions Tab are allowed),"Are merged cells avoided, with Center Across Selection used where centering across columns is needed?","Merging cells in financial models breaks Excel's grid logic, causing broken formulas, sorting failures, and reference errors. To achieve the exact same clean, centered look without compromising functionality, Center Across Selection should be used instead of merging cells.",FALSE,N/A,,,,,,,,,,71,87.32%,0.40%,,,,,,,,
73,Formatting,Print areas set,3 = not absolutely crucial,FALSE,1.14%,0.11%,Print areas should be defined on each tab so that only relevant content is included when the sheet is printed or exported to PDF.,"Print areas are defined on each tab, ensuring only relevant content prints.","Print areas are not defined; printing captures empty space, extraneous content, or misses relevant content.",Are print areas defined on each tab so only relevant content prints?,"Without defined print areas, printing or PDF export may include empty cells, scratch areas, or cut off relevant content. Setting print areas is a basic preparation step for any deliverable model.",TRUE,"Applies: cases whose deliverable is meant to be read away from Excel - a board or committee pack, an investment memo, a client-facing summary, an exhibit, or any brief asking for a printable or PDF output. Where it applies, judge it on the sheets a reader would actually print (cover, summary, statements, outputs), not on every tab of the workbook. N/A: cases whose deliverable is the working file itself - an answer tab to be filled in, a computational schedule, or any build whose calculation sheets run to dozens or hundreds of period columns, where a print area on the model tabs carries no quality signal and would not be set by a competent modeler. How to tell from the starting file: look for any instruction to present, print, export, circulate or PDF something outside the workbook or the existence of a summary (rather the ask for it). If the brief only asks for a model and a set of answers, mark N/A.",,,,,,,,,,72,87.72%,0.40%,,,,,,,,
74,Formatting,Page breaks set,3 = not absolutely crucial,FALSE,1.14%,0.11%,"Page breaks should be configured so that each tab prints legibly as PDF or hard copy without splitting tables, sections, or key content awkwardly across pages.",Page breaks are set so that tabs print legibly without splitting tables or sections across pages.,Page breaks are not set or are poorly placed; tables or sections split awkwardly across pages when printed.,Are page breaks configured so tabs print legibly without awkward content splits?,"Poor page breaks split tables or sections mid-way, making printed or PDF output difficult to read. Properly configured page breaks ensure the model is share-ready as hard copy or PDF.",TRUE,"Applies: cases whose deliverable is meant to be read away from Excel - a board or committee pack, an investment memo, a client-facing summary, an exhibit, or any brief asking for a printable or PDF output. Where it applies, judge it on the sheets a reader would actually print (cover, summary, statements, outputs), not on every tab of the workbook. N/A: cases whose deliverable is the working file itself - an answer tab to be filled in, a computational schedule, or any build whose calculation sheets run to dozens or hundreds of period columns, where a print area on the model tabs carries no quality signal and would not be set by a competent modeler. How to tell from the starting file: look for any instruction to present, print, export, circulate or PDF something outside the workbook or the existence of a summary (rather the ask for it). If the brief only asks for a model and a set of answers, mark N/A.",,,,,,,,,,73,88.12%,0.40%,,,,,,,,
75,Formatting,File extension (.xlsx),2 = important,TRUE,0.80%,0.08%,"The workbook should be saved in a standard Excel format: .xlsx, or .xlsm where VBA/macros are present.",The workbook is saved as .xlsx (.xlsm when VBA/Macros are present).,"The workbook is saved in a legacy or non-standard format (e.g., .xls, .csv, or an export from another spreadsheet application).","Is the workbook saved in a standard Excel format (.xlsx, or .xlsm where macros are present)?","Modern Excel formats are the industry norm: .xlsx for standard workbooks, .xlsm where macros are required. Legacy formats such as .xls impose row and feature limits and signal an out-of-date build.",FALSE,N/A,,,,,,,,,,74,88.53%,0.40%,,,,,,,,
76,Formulas,Use standard formula set,2 = important,FALSE,3.45%,0.41%,"The model should avoid non-standard, uncommon formulas (e.g., FILTERXML, WEBSERVICE, Recursive LAMBDA) that are atypical in financial modeling.",Only standard financial-modeling formulas are used.,"Uncommon or non-standard formulas (e.g., FILTERXML, WEBSERVICE, recursive LAMBDA) are present where standard alternatives exist.",Does the model avoid any non-standard formula usage (like FILTERXML)?,"Financial modeling relies on a well-known formula set (SUM, IF, INDEX/MATCH, XLOOKUP, SUMIFS, SUMPRODUCT, MIN/MAX, ROUND, and similar). Non-standard formulas such as FILTERXML, WEBSERVICE, or recursive LAMBDA reduce portability across Excel versions, confuse reviewers unfamiliar with them, and are a common pattern in AI-generated models. If an uncommon formula is used, there should be a clear justification and a comment explaining its purpose.",FALSE,N/A,,,,,,,,,,75,88.93%,0.40%,,,,,,,,
77,Formulas,Modern formula usage,2 = important,FALSE,3.45%,0.41%,"Modern functions should be preferred where they improve robustness or readability and where backward compatibility is not a constraint: XLOOKUP over VLOOKUP, IFS or SWITCH over deeply nested IFs, and LET for readable intermediate variables. INDEX/XMATCH remains a fully acceptable professional standard and is not penalized. Unless the case context states otherwise, assume the client uses a current version of Excel; where an older version must be supported, the legacy equivalents are acceptable, and the trade-off should be documented.","Modern functions (XLOOKUP, XMATCH, IFS, SWITCH, LET) are used where they improve robustness and readability - or a legacy equivalent is used for a documented compatibility or performance reason, for example INDEX/XMATCH or nested IFs in a very large model, where they compute more efficiently than IFS or SWITCH (in that case efficiency > auditability).","Fragile legacy constructs are used where a modern equivalent is clearly preferable and no compatibility or performance reason is given - most commonly VLOOKUP with a hardcoded column index, or IFs nested many levels deep.","Does the model use modern functions where they are preferable (e.g., XLOOKUP instead of VLOOKUP), or document why a legacy equivalent was chosen?","Modern replacements (XLOOKUP for VLOOKUP, IFS/SWITCH for nested IFs, LET for readability) are generally more robust and easier to read, and they avoid the fragility of a hardcoded column index. They are not universally better: INDEX/XMATCH is a long-standing professional standard that remains fully acceptable, and in very large models nested IF can compute more efficiently than IFS or SWITCH, so a documented performance-driven choice is legitimate. Note that XLOOKUP, XMATCH, LET, and LAMBDA require Microsoft 365 or Excel 2021+; where an older version must be supported, the legacy equivalents are acceptable.",FALSE,N/A,,,,,,,,,,76,89.28%,0.35%,,,,,,,,
78,Formulas,Avoid volatile functions,1 = highly important,FALSE,8.62%,1.03%,"Volatile functions (INDIRECT, OFFSET, TODAY, NOW, RAND, RANDBETWEEN, INFO, CELL) recalculate on every change and should be avoided where possible.","Volatile functions are avoided except where clearly justified (e.g., date-stamping).",Volatile functions are present where avoidable.,Does the model avoid the usage of volatile functions (i.e. INDIRECT and OFFSET)?,"Volatile functions (INDIRECT, OFFSET, TODAY, NOW, RAND, RANDBETWEEN, INFO, CELL) recalc on every change and slow the model down. Use INDEX as a non-volatile alternative to OFFSET, and static date values instead of TODAY/NOW. It is industry practice to avoid them.",FALSE,N/A,,,,,,,,,,77,89.56%,0.28%,,,,,,,,
79,Formulas,No hardcoded numbers in formulas,0 = ultra important,FALSE,20.69%,2.48%,"Formulas must reference assumption cells rather than embedding constants (e.g., =B5*0.21). The only accepted exceptions are purely mathematical constants (12 months, 365 days, 100 for percentage conversion) and technical remnants that are not true inputs.",Formulas reference assumption cells; no inputs are buried as constants inside formulas.,"Formulas contain hardcoded numbers (e.g., =B5*0.21) that should be assumption references.",Are formulas free of hardcoded numbers that should be assumption references?,"Hardcoded numbers inside formulas (e.g., =B5*0.21) are invisible to the reader and make the model inflexible. It is standard practice to reference assumption cells instead. Accepted exceptions are purely mathematical constants (e.g., 12 for months in a year, 365 for days, 100 for percentage conversion) and technical remnants that are not actual inputs.",FALSE,N/A,,,,,,,,,,78,89.83%,0.28%,,,,,,,,
80,Formulas,"Simple, stepwise formulas",1 = highly important,FALSE,8.62%,1.03%,"Formulas should be simple, readable, and broken into logical steps using helper columns, helper rows, or LET. As a practical guideline, a formula nesting more than about three functions deep ('3-clause rule') should be split. Some complexity is acceptable where splitting would bloat the model structure.",Complex logic is broken into steps via helper rows/columns or LET. No formula nests more than about ~three functions deep without justification.,Monolithic mega-formulas obscure logic. No helper columns when clearly needed. Difficult to understand or debug.,"Are formulas kept simple, readable, and broken into logical steps, with any remaining complexity justified by keeping the model structure lean?","Short formulas broken into steps are auditable and maintainable; long mega-formulas are a common source of hidden errors, because the reviewer cannot see the intermediate results that would reveal a mistake. A practical guideline is to split any formula nesting more than about three functions deep ('3-clause rule'). Some complexity is defensible where splitting would add so many helper rows that the model becomes harder to follow overall - the two considerations have to be balanced.",FALSE,N/A,,,,,,,,,,79,90.11%,0.28%,,,,,,,,
81,Formulas,Consistent formulas across blocks,0 = ultra important,FALSE,20.69%,2.48%,Formulas across a row (the timeline) and across similar blocks should be identical so that copy-paste works and exceptions are immediately obvious.,Formulas are consistent across the timeline and across similar blocks.,Formulas vary unexpectedly across a row or between comparable blocks.,Are formulas consistent across formula blocks and across the model timeline?,"Formulas across a row (across the timeline) and across comparable blocks should be identical, so a formula can be copied along the timeline safely and any genuine exception stands out immediately. A single edited cell mid-row is one of the most common silent errors in financial models, because nothing about the output looks wrong.",FALSE,N/A,,,,,,,,,,80,90.39%,0.28%,,,,,,,,
82,Formulas,Inconsistent formulas flagged,1 = highly important,FALSE,8.62%,1.03%,"Where formulas must be inconsistent (e.g., the first period of a roll-forward), the cells should be visually flagged (distinctive fill, exception-marker column, cell comment, or error-check flag) so reviewers know the break is intentional.",Intentional formula breaks are clearly flagged visually.,"Formula inconsistencies are unmarked, leaving reviewers unable to distinguish intentional exceptions from errors.",Are inconsistent formulas marked clearly and visually?,"Where formulas must be inconsistent (e.g., the first period of a roll-forward), the cells should be marked visually so reviewers and readers know the break is intentional. Common techniques include a distinctive fill color, a dedicated exception-marker column, a cell comment, or flagging the row on the error-check sheet. The method matters less than making the inconsistency impossible to miss.",FALSE,N/A,,,,,,,,,,81,90.66%,0.28%,,,,,,,,
83,Formulas,Correct reference anchoring,0 = ultra important,FALSE,20.69%,2.48%,"Absolute, relative, and mixed references ($) must be anchored correctly. Incorrect anchoring silently pulls wrong data when formulas are copied, without producing a visible Excel error.",References are anchored correctly; copied formulas pull the intended cells.,References are mis-anchored; copying formulas silently pulls wrong data.,"Are absolute, relative, and mixed cell references ($ signs) used correctly in formulas?","Incorrect anchoring is one of the most common formula errors, especially when formulas are copied across rows or down columns. A misplaced or missing $ sign can silently pull the wrong data without producing a visible Excel error - making it one of the hardest bugs to catch. Always verify that absolute references lock to the intended assumption cell, that relative references shift correctly when dragged across the timeline, and that mixed references (e.g., $B5 vs. B$5) anchor the correct axis for the copy direction.",FALSE,N/A,,,,,,,,,,82,90.94%,0.28%,,,,,,,,
84,Formulas,Consistent reference anchoring,2 = important,FALSE,3.45%,0.41%,Anchoring conventions ($) should be applied consistently across comparable formulas/blocks.,Anchoring is consistent across comparable formulas/blocks.,Anchoring conventions are inconsistent across comparable formulas or blocks.,"Are absolute, relative, and mixed cell references ($ signs) used consistently in formulas?","Anchoring conventions should be uniform across comparable formulas so that a reviewer can trust the pattern rather than auditing every cell individually. If one revenue-line formula uses $B$3 to anchor a growth rate while an identical cost-line formula uses B$3 or B3 for the same type of reference, the inconsistency forces cell-by-cell checking and increases the risk that a future copy-paste silently breaks the logic. Consistent anchoring across similar formula blocks is what makes a model safely extensible.",FALSE,N/A,,,,,,,,,,83,91.22%,0.28%,,,,,,,,
85,Formulas,Avoid whole-column references,3 = not absolutely crucial,FALSE,1.72%,0.21%,"Whole-column/row references (e.g., SUM(A:A)) force Excel to evaluate up to a million rows per formula. Use defined ranges, TrimRef (e.g., A:.A), table columns, or names instead.",Defined or structured ranges are used; no whole-column/row references.,"Whole-column/row references (e.g., SUM(A:A)) are present.",Are full-column / whole-row references (e.g. SUM(A:A)) avoided?,"Whole-column references force Excel to evaluate up to a million rows per formula, bloating recalc time and risking accidental inclusion of stray data below the intended range. Use explicitly bounded ranges (e.g., A2:A500), structured table column references, or defined names instead.",FALSE,N/A,,,,,,,,,,84,91.50%,0.28%,,,,,,,,
86,Model Outputs & Executive Summary,Output reasonableness check,2 = important,FALSE,20.00%,0.80%,"Outputs should pass a directional sense check against intuition, industry benchmarks, comparable companies or transactions, or third-party estimates. The metrics to check depend on the model type - growth and margins for an operating model, IRR and money multiple for a transaction model, debt service cover for project finance, payback and NPV for a capex case, implied multiples for a valuation. The sense check is part of the model, not a separate exercise.","The model includes an explicit sense-check section comparing its key outputs to benchmarks, comparables, or third-party estimates, using metrics appropriate to the model type.",Outputs are implausible or inconsistent with benchmarks - or no sense check is present.,"Do the results make sense directionally, and does the model include an explicit sense check against benchmarks or comparables?","A directional sense check - do the outputs match intuition, industry benchmarks, or external estimates? - is one of the most effective validation steps available and catches many errors that formula-level review misses. Which metrics to cross-reference depends on the model type: revenue growth and margins, returns such as ROIC/ROE/IRR, leverage and cover ratios, and implied valuation multiples against comparables.",FALSE,N/A,,,,,,,,,,85,91.77%,0.28%,,,,,,,,
87,Model Outputs & Executive Summary,Key ratios & outputs section,2 = important,FALSE,20.00%,0.80%,"The model should include a key-ratios section computing the output metrics relevant to its purpose - for example margins, returns, leverage and cover ratios, growth rates, valuation multiples, or transaction returns.",A dedicated section computes the key ratios and output metrics relevant to the model's purpose.,No key-ratios or output metrics section.,Does the model include a section calculating the key ratios and output values relevant to its purpose?,"A key-ratios and outputs section translates the model into the metrics its audience actually uses to make a decision. Which ratios matter depends on the model type - margins and growth for an operating plan, returns and leverage for a transaction model, cover ratios for a financing case.",FALSE,N/A,,,,,,,,,,86,92.05%,0.28%,,,,,,,,
88,Model Outputs & Executive Summary,Cross-scenario summary,3 = not absolutely crucial,FALSE,10.00%,0.40%,A summary should display results across all scenarios/cases in one place. A model that deliberately runs a single case satisfies this item by default.,A summary displays results across all cases in one view - or the model deliberately runs a single case.,No cross-case summary; results are buried in separate sheets.,Does the model include a summary displaying results for all cases (or does it deliberately run a single case)?,"A summary displaying results across all cases side by side is what most readers will actually look at, and it is the only place the sensitivity of the answer to the case becomes visible. Without it, the model's insights stay buried across separate sheets.",TRUE,"Applies: cases asking for more than one case, scenario, sensitivity or variant - base, upside and downside, 'what if X', a sensitivity table, two valuation methods to be compared side by side, or a switch that changes the whole run. N/A: cases that deliberately run one set of assumptions, where the brief neither asks for nor implies alternatives. How to tell from the starting file: search the instructions and questions tabs for the words scenario, case, sensitivity, upside or downside, or for a question asking for the result under changed assumptions. If every question resolves to one set of inputs, mark N/A. Borderline: a valuation reporting outputs at several statistics of one data set (25th percentile, median, mean, 75th percentile), or a model reporting the same result at several dates, is ONE run with several outputs rather than several scenarios - mark N/A, since presenting those outputs together is graded as part of the key-outputs requirement instead.",,,,,,,,,,87,92.33%,0.28%,,,,,,,,
89,Model Outputs & Executive Summary,Automated summary,1 = highly important,FALSE,50.00%,2.00%,The summary page should update automatically when inputs change; manual summaries go stale.,The summary updates automatically with any input change.,Summary values are hardcoded or copy-pasted rather than formula-linked; changing an input does not propagate to the summary.,Has the summary page been automated so that it updates automatically when the output values change?,"Automation means the summary updates live with any input change, so the reader always sees current numbers. Manual summaries go stale the moment an input changes and are a frequent source of presentation errors. An automated summary ensures the cover/outputs reflect current model state.",FALSE,N/A,,,,,,,,,,88,92.61%,0.28%,,,,,,,,
90,Potential Dangers,No hidden sheets,2 = important,FALSE,5.03%,0.40%,The file should be free of hidden or very hidden sheets. Any legitimate hidden sheet must be disclosed.,"No hidden or very hidden sheets, or any present are disclosed and justified.",Undisclosed hidden or very hidden sheets are present.,Is the file free of undisclosed hidden or very hidden sheets?,"Hidden sheets can hold important logic, sensitive data, or values the reader is unaware of, and 'very hidden' sheets do not even appear in the unhide dialog. Everything should be unhidden during review, and any sheet that legitimately stays hidden should be disclosed.",FALSE,N/A,,,,,,,,,,89,92.84%,0.23%,,,,,,,,
91,Potential Dangers,No hidden rows/columns,1 = highly important,FALSE,12.58%,1.01%,The file should be free of hidden rows or columns. Use grouping instead of hiding.,No hidden rows or columns; grouping is used where collapsing is needed.,Hidden rows or columns are present.,"Is the file free of hidden rows and columns, with grouping used where collapsing is needed?","Hidden rows and columns often contain calculations or inputs that the reader never sees, and a value can be hidden with no visual cue that anything is missing. Everything should be unhidden during review. Best practice is to avoid hiding altogether and use grouping instead, which collapses detail while leaving the outline markers visible.",FALSE,N/A,,,,,,,,,,90,93.07%,0.23%,,,,,,,,
92,Potential Dangers,No white-on-white hiding,2 = important,FALSE,5.03%,0.40%,"No content should be concealed by formatting - in particular white font on a white background, or a number format that renders a populated cell blank.",No content is concealed by white-on-white formatting or by a blanking number format.,Content is concealed via white-on-white formatting or a number format that hides the value.,Is the model free of content concealed by white-on-white formatting or blanking number formats?,"White font on a white background is a common way to conceal content, as is a custom number format such as ';;;' that renders a cell blank. Neither belongs in a delivered model - nothing should be hidden from the reader.",FALSE,N/A,,,,,,,,,,91,93.30%,0.23%,,,,,,,,
93,Potential Dangers,No external links,1 = highly important,TRUE,4.40%,0.35%,"The file should be free of external links to other workbooks (unless the case context requires them), as they can break when the linked file moves, cause #REF! errors, and hide dependencies.",No external links (unless required by the case context/stated in the instructions); the file is self-contained.,External links to other workbooks are present.,Is the file free of external links to other workbooks?,"External links (to other workbooks) can break when the linked file moves, cause #REF errors, and hide dependencies. Ideally, remove or replace with internal links.",FALSE,N/A,,,,,,,,,,92,93.52%,0.22%,,,,,,,,
94,Potential Dangers,Macros/VBA disclosed,2 = important,FALSE,5.03%,0.40%,"Any macros or VBA code must be disclosed, reviewed, and justified. Macros add complexity, security risk, and maintenance burden and should therefore be avoided.","No macros/VBA, or any present are disclosed, reviewed, and justified.",Undisclosed or unjustified macros/VBA are present.,"Is the file free of macros/VBA - or is any VBA present disclosed, reviewed, and justified?","Macros and VBA introduce complexity, security concerns, and maintenance burden, and can make the model unusable for a client whose IT policy blocks macro-enabled files. Their presence should be known, reviewed, and justified.",TRUE,"Applies: cases where the brief calls for, or plausibly warrants, macro or VBA automation - a custom user interface the client is meant to operate by button, batch operations across files or folders, a scripted iterative optimization loop, event-driven behavior, or a connection to an external system. Where the item applies, grade whether any code present is disclosed in visible documentation, reviewed and justified; a macro-free solution to such a case is a full pass, since native Excel is preferred wherever it will do the job. N/A: cases fully solvable with native formulas, tables, data validation, conditional formatting, Power Query, Goal Seek and iterative calculation, so macros have no legitimate role in the first place - effectively every standard financial-modeling case in this set. Mark N/A as well where the submission is produced by a system that cannot write macros into a workbook at all, since the item can then only ever be passed vacuously. How to tell from the starting file: take each required deliverable in turn and ask whether it is impossible without code. If none is, mark N/A. This is a scoping judgment about whether automation has a legitimate role in the CASE, not about what the submitted workbook happens to contain.",,,,,,,,,,93,93.74%,0.22%,,,,,,,,
95,Potential Dangers,VBA vs. native alternatives,3 = not absolutely crucial,FALSE,2.52%,0.20%,"Where VBA is present, evaluate whether it could be replaced by native Excel tools (e.g., array formulas instead of loops, data validation instead of custom dialogs). A file without VBA satisfies this item by default.","No VBA is present, or any VBA is genuinely necessary and not replaceable by native tools.",VBA is present and duplicates what native Excel tools could achieve.,"Where VBA is present, is it genuinely necessary rather than replaceable by native Excel functionality?","A large share of VBA in financial models substitutes for native Excel functionality - loops where SUMIFS or a formula would do, custom dialogs where data validation would do, button-driven copy-paste where a scenario switch would do. Each such case adds a dependency and a maintenance burden for no gain, so challenge whether the code is genuinely necessary before accepting it.",TRUE,"Applies: only where the case genuinely demands automation that native Excel cannot deliver - a custom user interface, batch operations across files or folders, a scripted iterative optimization loop, a connection to an external system, or event-driven behavior - so that the question 'could this have been done without code?' has real content. N/A: cases solvable end to end with native formulas, tables, data validation, conditional formatting, Power Query, Goal Seek and iterative calculation - effectively every standard financial-modeling case in this set. Mark N/A as well where the submission is produced by a system that cannot write macros into a workbook at all, since no code can then exist to assess. How to tell from the starting file: take each required deliverable in turn and ask whether it is impossible using native features. If none is, mark N/A. This is a scoping judgment about whether automation has a legitimate role in the CASE, not about what the submitted workbook happens to contain. Note: this item asks only whether code, if present, was NECESSARY - whether the same result was reachable with native features. Whether that code was disclosed and justified is a separate question and is not graded here.",,,,,,,,,,94,93.96%,0.22%,,,,,,,,
96,Potential Dangers,Consistent sign convention,0 = ultra important,FALSE,30.19%,2.42%,"A single sign convention (e.g., costs negative, revenues positive) must be applied consistently across the entire model, with particular attention to EBITDA add-backs, cash flow statement conventions, and income statement expense treatment.",Sign conventions are consistent across the model.,"The same economic item carries different signs depending on where it appears (e.g., D&A is negative on the income statement but also negative in the EBITDA reconciliation instead of being added back as positive).","Are +/- signs used consistently across the model? (cost normally negative in parentheses, revenues positive, …)","Consistent sign conventions (costs negative, revenues positive, cash outflows negative) across the model make it faster to review and understand. Pay particular attention to EBITDA reconciliation (D&A as positive add-back), the cash flow statement (investing/financing outflows as negative), and the income statement (expenses must be treated consistently - either all positive with subtraction operators, or all negative with SUM). Inconsistent sign conventions are a leading cause of double-counting and missed items in consolidations.",FALSE,N/A,,,,,,,,,,95,94.18%,0.22%,,,,,,,,
97,Potential Dangers,No errors under extreme-but-plausible inputs,0 = ultra important,FALSE,30.19%,2.42%,"The model should still work when key assumptions are changed substantially (e.g., useful life tripled, valuation date shifted 12 months, revenue halved). Stress-testing exposes hidden breaks, balance sheet imbalances, divide-by-zero errors, and broken roll-forwards.","The model produces sensible results under stress scenarios (e.g., revenue halved, useful life tripled, valuation date shifted). No Excel errors or balance-sheet imbalances emerge.","Under stress, the model breaks, produces balance sheet imbalances, throws Excel errors, or generates nonsensical results (e.g., negative useful life, or negative shares outstanding).","Does the model still work reliably if some of the key assumptions are changed substantially (e.g. useful life, valuation date, key operating assumptions)?","Stress-testing with extreme-but-plausible inputs (e.g., useful life 3x, valuation date shifted 12 months, revenue halved) exposes hidden formula breaks, balance sheet imbalances, divide-by-zero errors, negative cash that the revolver is not catching, and broken roll-forwards. If the model falls over or produces nonsense under stress, the build is not robust.",FALSE,N/A,,,,,,,,,,96,94.40%,0.22%,,,,,,,,
98,Potential Dangers,Automatic calculation mode,2 = important,FALSE,5.03%,0.40%,"The workbook should be delivered with calculation set to automatic - and, where intentional circularity requires it, with iterative calculation enabled and that requirement stated. Manual calculation mode means displayed values may not reflect the inputs currently shown.","Calculation is set to automatic, with iterative calculation enabled and documented where the model uses intentional circularity.","The workbook is saved in manual calculation mode without disclosure, so displayed values may be stale - or iterative calculation is required but not enabled.",Is the workbook set to automatic calculation (with iterative calculation enabled where circularity requires it)?,"A workbook saved in manual calculation mode displays whatever was last computed, which may bear no relation to the inputs currently shown: a reader can change an assumption and see nothing move. Manual mode is occasionally used deliberately in very heavy models, but then it must be disclosed prominently. Where the model relies on intentional circularity, iterative calculation must be enabled and the requirement stated, since the model returns errors on any machine where that setting is switched off.",FALSE,N/A,,,,,,,,,,97,94.62%,0.22%,,,,,,,,
99,Purpose & Scope,Structure fits purpose,0 = ultra important,FALSE,100.00%,2.00%,"The overall structure (calculation flow, number of worksheets, level of detail) should be appropriate for the model's stated purpose.","Structure is well-suited to the model's purpose: logical calculation flow, appropriate number of worksheets, and the right level of detail for the stated purpose.","Structure is inappropriate (illogical flow, too many or too few sheets, mismatched detail level).","Is the overall model structure appropriate for the model's purpose (e.g. consistent calculation flow, appropriate number of worksheets, sufficiently detailed)?","The overall structure - calculation flow, number of worksheets, level of detail - is a primary determinant of model quality, and a logical structure is what makes a model auditable, maintainable, and understandable.",FALSE,N/A,,,,,,,,,,98,94.84%,0.22%,,,,,,,,
100,Rounding,Full precision in intermediates,1 = highly important,FALSE,55.56%,0.56%,"Intermediate calculations must retain full precision; round only the final outputs presented to users. Display formatting (e.g., showing 0 decimals) is acceptable, as it does not change the underlying value. Rounding inside the model is legitimate only where the quantity is genuinely discrete (e.g., headcount, units sold, share counts) or where a contract or the case context specifies it.","Intermediate calculations retain full precision; rounding is applied only to outputs, to genuinely discrete quantities, or where the case context requires it.","Intermediate calculations are rounded without justification, compounding precision errors through the model.","Do intermediate calculations retain full precision, with rounding applied only to outputs or where genuinely justified?","Rounding intermediate calculations compounds precision errors through the model and is not standard practice: keep full precision internally and round only outputs. Display formatting (e.g., showing two decimal places) does not affect the underlying value and is always acceptable. Genuine exceptions exist - headcount, units, and share counts are discrete, and contractual terms may specify rounding - and these should be applied deliberately and labeled, not left implicit.",FALSE,N/A,,,,,,,,,,99,95.06%,0.22%,,,,,,,,
101,Rounding,Rounded outputs,2 = important,FALSE,22.22%,0.22%,Final outputs should be rounded to a sensible precision that communicates the appropriate level of certainty. (Rounding precision might be dictated for the questions),"Final outputs are rounded to a sensible, readable precision.","Final outputs show full, false precision.",Are final outputs rounded?,Outputs presented to users should be rounded to a sensible precision so they are readable and communicate the appropriate level of certainty.,FALSE,N/A,,,,,,,,,,100,95.27%,0.22%,,,,,,,,
102,Rounding,Rounding documented,2 = important,FALSE,22.22%,0.22%,"Rounding conventions should be documented in visible proximity to the rounded figure (e.g., '$ in millions, rounded to nearest $0.1m').",Rounding conventions are documented next to the rounded figures.,Rounding is undocumented or stated far from the figures.,Is the rounding of outputs documented clearly and in visible proximity to the rounded figure?,"Documenting rounding conventions near the rounded figures (e.g., '$ in millions, rounded') prevents readers from assuming false precision and is standard practice in client-facing deliverables.",FALSE,N/A,,,,,,,,,,101,95.49%,0.22%,,,,,,,,
103,Structure,Essential components present,1 = highly important,FALSE,4.95%,0.69%,"The model should include all essential components: cover page, table of contents, summary/dashboard, assumptions, scenarios (where applicable), calculation sheets, financial statements (where applicable), error-check sheet, and output data. Components should be scaled to the model's size and purpose; in a small model several may reasonably sit on fewer sheets, provided each function remains clearly delineated.","All essential components are present: cover, table of contents, summary, assumptions, scenarios (if applicable), calculations, statements (if applicable), error-check sheet, and outputs - or, in a small model, these functions are clearly delineated across fewer sheets.",One or more essential components are missing.,"Does the model include all essential components appropriate to its size and purpose (cover page, table of contents, summary, assumptions, scenarios, calculations, financial statements, error checks, and outputs)?","Every model needs its core building blocks: a cover page for context, a table of contents for navigation, an assumptions sheet for inputs, calculation sheets, scenarios where the analysis depends on uncertain drivers, financial statements where the model produces them, an error-check sheet, and an output summary for the audience. Missing components undermine completeness. In a small model several of these functions may reasonably share a sheet, provided each remains clearly delineated and labeled.",FALSE,N/A,,,,,,,,,,102,95.71%,0.22%,,,,,,,,
104,Structure,Cover sheet first,3 = not absolutely crucial,FALSE,0.99%,0.14%,"The cover sheet should be the first tab, setting context and orienting the user on opening - typically stating the model's title, purpose, owner, version, and date.","The cover sheet is the first tab and states the model's title, purpose, owner, version, and date.","The cover sheet is missing, is not the first tab, or omits basic identifying information.",Is the cover sheet the first tab of the workbook?,"A cover sheet as the first tab sets the context, describes the model's purpose, and orients the user immediately upon opening the file. It is the industry-standard first touchpoint.",TRUE,"Applies: cases implying a multi-sheet workbook, where a dedicated cover tab is the natural entry point and its position in the tab order is a real design choice. N/A: cases implying a genuinely single-sheet deliverable, where a titled header block at the top of that sheet does the same job and 'first tab' has no meaning. How to tell from the starting file: ask whether the case warrants separate input, calculation and output sheets - several schedules, linked statements, or a summary to present. If yes, apply. Note: this item governs placement only. The requirement that the model carry cover and title information somewhere - name, purpose, owner, version, date - is a separate check that stays in force for every model, so a build with no cover information anywhere is still penalized there even where this item is marked N/A.",,,,,,,,,,103,95.92%,0.22%,,,,,,,,
105,Structure,Timeline orientation,2 = important,FALSE,1.98%,0.28%,"Within calculation tabs, the timeline should run horizontally as standard - periods across columns, line items down rows - and be applied consistently. Period columns should align across tabs, so that a given column refers to the same period everywhere in the workbook (given no time period length shift). A vertical timeline (periods down rows) is acceptable where the tab's content justifies it, but should not be the default.","Timeline runs horizontally on all calculation tabs, with periods occupying identical columns across the workbook. Where a vertical orientation is used, it is justified by the content - typically a register or data table where each record needs several attribute columns (ID, currency, rate, source, flags) visible simultaneously, and the number of periods is small enough to scan without excessive scrolling. The choice is consistent within each tab, and the reason for any deviation is evident from the tab itself.","Orientation is mixed within a single tab, or varies across tabs with no rationale. Period columns are misaligned between tabs (e.g. Jan-24 sits in column H on one sheet and column K on another), creating link risk. A vertical timeline is used by default, forcing constant vertical scrolling to compare periods and breaking the copy-right formula convention. Alternatively, a horizontal timeline is forced onto a record-based table, pushing essential attribute columns off-screen.","Does the model use a consistent timeline orientation - horizontal as standard, with period columns aligned across tabs - and where a vertical orientation appears, is it justified by that tab's content?","A horizontal timeline - periods across columns, line items down rows - is the convention every reviewer expects, and it is what makes copying a formula rightwards across the timeline safe and predictable. Period columns should occupy the same columns on every tab, so a cross-sheet link cannot silently pick up the wrong period. A vertical timeline is acceptable where the tab's content justifies it - typically a register or data table where each record needs several attribute columns visible at once - but it should never be the default, and the reason should be evident from the tab itself.",TRUE,"Applies: any case that lays periods out across the model - forecasts, schedules, budgets, cash-flow, coupon or amortiztion schedules, and daily, monthly, quarterly or annual builds. N/A: cases with no time dimension - snapshot valuations, single-period calculations, static registers or comparable sets with no periodicity. How to tell from the starting file: is there a forecast horizon, a schedule, or a period-based deliverable? Note that a comparables table with a 'fiscal period' column per company is NOT a timeline - each row is a different entity's reporting date, not a period axis - so that case is N/A. Where applicable: the test covers both the choice of orientation (horizontal as standard) and its consistency across tabs, including whether a given column refers to the same period on every sheet.",,,,,,,,,,104,96.14%,0.22%,,,,,,,,
106,Structure,Vertical alignment of same-type data,2 = important,FALSE,1.98%,0.28%,"Columns and rows containing the same type of information should be aligned vertically across the sheet, with a logical flow in the alignment of different calculations.","Same-type columns and rows are aligned vertically, and the arrangement of different calculations follows a logical flow.",Similar information is misaligned vertically; the arrangement of calculations lacks a logical flow.,Are columns and rows of the same type of information aligned vertically with a logical flow?,"Vertical alignment of same-type data (e.g., all period columns at the same position, all unit columns in the same place) supports efficient scanning and cross-sheet formula construction. A logical flow makes the model intuitive to navigate.",FALSE,N/A,,,,,,,,,,105,96.36%,0.22%,,,,,,,,
107,Structure,Label-to-value alignment,2 = important,FALSE,1.98%,0.28%,"Subtitles, categories, and calculation names should be aligned with their respective values so the reader can clearly associate each label with the data it describes.","Subtitles, categories, and calculation names are aligned with their respective values; associations are immediately clear.","Labels are offset from or misaligned with their respective values, making it unclear which label belongs to which data.","Are subtitles, categories, and calculation names aligned with their respective values?",Misaligned labels force the reader to guess which label belongs to which row or column of data - a common source of misinterpretation. Clear label-to-value alignment is essential for readability and auditability.,FALSE,N/A,,,,,,,,,,106,96.58%,0.22%,,,,,,,,
108,Structure,Best-fit structure for stated purpose,1 = highly important,FALSE,4.95%,0.69%,"Beyond being merely acceptable, the structure should be the best fit given the model's specific requirements, audience, and foreseeable future uses. This item fails only where a clearly better alternative exists and can be articulated.","The structure is well-justified as the best choice for the model's requirements, audience, and foreseeable future uses.","A clearly better structure exists for the model's requirements, audience, or foreseeable uses, and the chosen structure creates avoidable friction.","Is the chosen structure the best fit given the model's requirements, audience, and foreseeable uses?","This item goes one step beyond basic appropriateness: even a workable structure may not be the best available given the model's specific requirements, audience, and foreseeable future uses. It should be judged only where a clearly better alternative can be identified and articulated, so that a sound structure is not penalized for failing to be theoretically perfect.",FALSE,N/A,,,,,,,,,,107,96.79%,0.22%,,,,,,,,
109,Structure,Deal vs. planning orientation,1 = highly important,FALSE,4.95%,0.69%,"The structure (calculation architecture) should reflect whether the model is for one-time deal evaluation or ongoing planning, as these require different data-refresh cadence, flexibility, and reporting depth.",Structure (calculation architecture) matches the model's deal-evaluation or ongoing-planning purpose.,Structure does not match the deal-vs-planning intent.,Does the structure match whether the model is for one-time deal evaluation or for ongoing planning?,"A model built for one-time deal evaluation has different structural requirements than one designed for ongoing planning: refresh cadence, the flexibility built into the timeline, and the depth of reporting all differ. This item assesses the structure itself; whether the build is flexible enough for later reuse is assessed separately under flexibility.",TRUE,"Applies: cases the brief frames either as a transaction or deal appraisal (LBO, M&A, project or investment appraisal, a valuation supporting a one-off decision, the pricing of an instrument for a buy-or-not decision) or as an ongoing planning tool (budget, forecast, operating plan, FP&A model, liquidity monitoring) - the structure should visibly reflect which. N/A: cases that are neither - a technical schedule, a reporting or compliance calculation, a pricing, costing or capacity-sizing tool with no deal or planning frame. How to tell from the starting file: read the task header and the question set. 'FP&A task ... build an integrated 3-statement model / working capital model' is a planning frame; 'valuation task ... value the company' is a deal frame. Mark N/A only where neither fits.",,,,,,,,,,108,97.01%,0.22%,,,,,,,,
110,Structure,Real fiscal year handling,0 = ultra important,FALSE,11.88%,1.66%,"The model must handle the entity's real fiscal calendar, including non-calendar year-ends (e.g., July-June). Where the case context specifies no fiscal calendar, a calendar-year assumption is acceptable provided it is stated.","The model correctly reflects the entity's fiscal year, including non-calendar year-ends - or no fiscal calendar is specified and the assumption used is stated.","The model assumes a calendar year where the case context specifies a different fiscal year-end, or the assumption is left unstated.","Does the model handle the entity's real fiscal year, including non-calendar year-ends?","Many companies have non-calendar fiscal years (e.g., July-June). The model must handle the real fiscal calendar to avoid systematic mismatches with reported financials and misdated periods. Where the case context specifies no fiscal calendar, a calendar-year assumption is acceptable provided it is stated explicitly.",TRUE,"Applies: any case tied to a real entity's reporting calendar, or where the brief states a year-end, mentions interim reporting, mixes entities with different fiscal year-ends that must be aligned, or requires the model to tie back to reported financials. N/A in two situations: abstract models running on generic 'Year 1 ... Year n' periods with no entity calendar and no reporting tie; AND cases that supply already-prepared figures with an explicit instruction to use them as given - there the brief switches the calendarization question off, so do not penalize the model for leaving differing period ends unaligned. How to tell from the starting file: look for year-end dates, fiscal period columns or a stated calendar in the pack, then check whether the brief asks for any adjustment. A stated start date of 1 January with annual periods and no other calendar reference is a calendar-year assumption, which the model must state but which does not by itself make this item demanding.",,,,,,,,,,109,97.23%,0.22%,,,,,,,,
111,Structure,Stub period handling,0 = ultra important,FALSE,11.88%,1.66%,"Stub periods (partial periods at the start or end of a forecast) must be calculated correctly using a day-count convention (actual/365, actual/360, 30/360) appropriate to the model's purpose, the case context/instructions, and the jurisdiction. A model whose periods are all full periods satisfies this item by default.",Stub periods are calculated correctly with an appropriate day-count convention - or the model contains no stub periods.,Stub periods arise but are mishandled or ignored.,Are stub periods/partial years handled correctly (or does the model contain none)?,"Stub periods (partial periods at the beginning or end of a forecast) are a common source of error and are easy to overlook, because the model still computes cleanly under a full-period assumption. They must be calculated using a day-count convention appropriate to the jurisdiction and instrument type so that valuations and totals are accurate. Where every period is a full period, the item is satisfied by default.",TRUE,"Applies: wherever the case creates a partial period - a valuation, as-of or start date falling mid-period, a transaction closing mid-period, an asset placed in service or a building ready mid-month, debt drawn or repaid intra-period, an irregular first or last coupon, a forecast starting or ending off the period boundary, or a mid-year or mid-month discounting convention. N/A: cases whose periods are all full and aligned to the model's period grid, with no partial period anywhere. How to tell from the starting file: test every date on the assumptions tab against the period grid the brief implies - the grid decides. A 1 July start is a stub on an annual model but a full period on a monthly one; an issuance date a few weeks before the first coupon creates a stub on any grid. Where the brief names a day-count convention (actual/365, actual/360, 30/360, Canadian compound), a stub is almost certainly in scope.",,,,,,,,,,110,97.45%,0.22%,,,,,,,,
112,Structure,Functional sheet separation,1 = highly important,FALSE,4.95%,0.69%,"Cover, inputs, calculations, analyses, and outputs should each sit on separate sheets with no function mixing on a single sheet (unless there is a clear structural reason).",Each function sits on its own sheet with no mixing (unless there is a clear structural reason).,"Functions are mixed on the same sheet (e.g., inputs and calculations together).","Are all worksheets separated by function? (cover, inputs, calculations, analyses, outputs/summaries on separate sheets, no mixing on one sheet)","Separation by function (cover, inputs, calculations, outputs on separate sheets) is a core modeling principle that makes the model auditable, reduces error risk, and allows changes in one area without impacting the whole model.",TRUE,"Applies: any case large enough to warrant more than one sheet - where assumptions, calculations, statements, analyses and outputs each carry enough content to stand alone. N/A: a genuinely small case deliberately built on one sheet, provided cover, inputs, calculations and outputs sit in clearly delineated, labeled blocks. How to tell from the starting file: if the case pack itself separates instructions, assumptions, data and questions across tabs, the submitted build should be at least as separated - apply. Reserve N/A for the smallest cases: one supplied table, one calculation, one answer.",,,,,,,,,,111,97.66%,0.22%,,,,,,,,
113,Structure,Logical tab order,2 = important,FALSE,1.98%,0.28%,Tabs should be ordered to follow model flow: cover → table of contents → assumptions/inputs → calculations → (financial statements) → (analyses/scenarios) → outputs/summary → error checks.,Tabs follow a clear model flow from cover to inputs to calculations to statements to outputs to error checks.,Tabs are out of model-flow order.,Are the tabs ordered according to the model flow logic (order): from inputs/assumptions at top to calculations to outputs and reporting?,Tabs should be arranged in a logical order so the reader can follow the model's workflow from inputs through calculations to outputs and reach the part they need quickly. This ordering is standard practice and is the first thing a reviewer uses to orient themselves.,TRUE,"Applies: workbooks of roughly three or more sheets, where tab order carries navigational meaning and should follow the flow from inputs through calculations to outputs and checks. N/A: single-sheet workbooks, and two-sheet workbooks where the order conveys nothing. How to tell from the starting file: count the sheets the brief implies - assumptions, each schedule or statement, analyses, outputs, answers, checks. Three or more means apply. When in doubt, apply: ordering costs nothing to get right, and a reviewer notices immediately when it is wrong.",,,,,,,,,,112,97.87%,0.21%,,,,,,,,
114,Structure,Functional calculation sections,1 = highly important,FALSE,4.95%,0.69%,"Calculations should be split into clearly labeled functional sections (e.g., Revenue, COGS, OpEx, CapEx, Debt, Equity).",Calculations are grouped into clear functional sections.,Calculations are not sectioned; all items are mixed together.,Are calculations split into functional sections?,"Splitting calculations into clearly delineated functional sections (revenue, costs, capex, debt, etc.) improves readability, auditability, and ease of maintenance.",FALSE,N/A,,,,,,,,,,113,98.07%,0.20%,,,,,,,,
115,Structure,Buffer rows for totals,3 = not absolutely crucial,FALSE,0.99%,0.14%,Buffer rows or columns should sit above/beside totals so new line items can be inserted without breaking SUM formulas.,Buffer rows/columns let new items be inserted without breaking totals.,No buffers; inserting line items breaks total formulas.,Are buffer rows/columns for total calculations built in?,"A buffer row above a total - and a buffer column beside it - means the SUM range already extends past the last line item, so a new item can be inserted without editing the total formula. Without it, inserted rows fall outside the range and are silently excluded.",FALSE,N/A,,,,,,,,,,114,98.26%,0.19%,,,,,,,,
116,Structure,Buffer rows between sections,2 = important,FALSE,1.98%,0.28%,Major sections should be separated by buffer rows for visual clarity.,Major sections are separated by buffer rows.,Major sections run together without spacing.,Are major sections separated by buffer rows?,"Buffer rows between major sections give the model visual structure, so the reader can see where one block ends and the next begins without reading every label.",FALSE,N/A,,,,,,,,,,115,98.42%,0.16%,,,,,,,,
117,Structure,Clear section headers,2 = important,FALSE,1.98%,0.28%,"Each major model component should have a clear, descriptive section header.",Each major component has a clear section header.,Section headers are missing or unclear.,Are section headers clearly labeled for each major model component?,"Clear section headers let a reader locate the part of the model they need without scanning formulas, and make the model's overall logic visible at a glance.",FALSE,N/A,,,,,,,,,,116,98.56%,0.14%,,,,,,,,
118,Structure,Consistent tab structure,2 = important,FALSE,1.98%,0.28%,"Similar tabs should share a consistent layout - same columns for headings, sub-headings, units, subtotals, etc.",Similar tabs share a consistent layout.,Similar tabs use inconsistent column structures.,"Is a consistent worksheet structure used for similar tabs? (i.e. same columns used for headings, sub-heading, units, etc.)","Using a consistent structure across similar tabs (same column for headings, units, sub-totals, etc.) reduces cognitive load for the reader and enables easier cross-sheet formulas.",TRUE,"Applies: cases implying two or more tabs of the SAME KIND - several calculation schedules, several segment, entity or product tabs, several statement tabs, or a detailed build plus an aggregated version of the same model - where a shared column layout (label column, unit column, first period column, subtotal placement) is expected. N/A: single-sheet workbooks, and workbooks in which every tab serves a different function and therefore has no peer to be consistent with. How to tell from the starting file: does the brief demand several parallel builds (per product, per segment, per schedule, per statement) or a second view of the same model at a different frequency? If yes, apply, and expect the same rows and columns to mean the same thing on each of them.",,,,,,,,,,117,98.70%,0.14%,,,,,,,,
119,Structure,Freeze panes set,1 = highly important,FALSE,4.95%,0.69%,Freeze panes keep labels and the timeline visible during scrolling. Freeze panes are also not excessively set - i.e. not more than 2/3 of a regular screen view should be blocked by freeze panes.,Freeze panes keep labels and the timeline visible during scrolling while enough of the calculations is still visible.,Freeze panes are not set where needed; labels scroll out of view. Or freeze panes set excessively.,Is freeze panes used to freeze the row labels as well as the timeline? (where appropriate),"Freeze panes keep row labels and the timeline header visible when scrolling, which is essential for navigating large calculation sheets without losing context.",TRUE,"Applies: cases whose scope implies sheets extending beyond one screen - long period timelines, many line items, long data tables; in practice most calculation and statement tabs. N/A: cases small enough that every sheet fits on a single screen, where freezing adds nothing. How to tell from the starting file: multiply the periods by the line items the brief implies. A 10-year monthly build is 120 period columns and a 10-year daily build far more, so always apply. A 20-row answer table visible in one screen is N/A.",,,,,,,,,,118,98.84%,0.14%,,,,,,,,
120,Structure,One timeline per sheet,2 = important,FALSE,1.98%,0.28%,"Each worksheet should contain only one timeline. Multiple timelines on one sheet create ambiguity about which period a calculation refers to. Where a sheet genuinely needs a second periodicity (e.g., an annual summary beneath a quarterly build), the blocks must be clearly separated and labeled.","Each worksheet uses a single timeline - or any additional periodicity is clearly separated, labeled, and justified.","A worksheet contains multiple timelines that are interleaved or not clearly separated, labeled and justified.",Is there only one timeline per worksheet - or is any additional periodicity clearly separated and labeled?,"Multiple timelines on one sheet create ambiguity about which period a calculation refers to and make cross-sheet linking error-prone. Stick to one timeline per sheet; where a second periodicity is genuinely needed, separate and label the blocks clearly.",TRUE,"Applies: cases with a period timeline, and with particular force where more than one periodicity is required or implied - a monthly build with an annual summary, daily detail aggregated into months, quarterly detail feeding annual statements, or annual tax, dividend or distribution logic sitting on a monthly or daily build. N/A: cases with no time dimension. How to tell from the starting file: does the brief ask for results at more than one frequency, or for annual answers out of a sub-annual build? If yes, apply, and check that the second periodicity sits in a separate, clearly labeled block or on its own sheet rather than being interleaved with the primary grid.",,,,,,,,,,119,98.95%,0.11%,,,,,,,,
121,Structure,Chronological left-to-right,1 = highly important,FALSE,4.95%,0.69%,"Columns should run chronologically from left to right - earliest periods on the left, furthest future on the right.",Columns run chronologically left to right.,Columns are not in chronological order.,Do the columns read chronologically from left to right (i.e. timeline increasing going to the right)?,"Running the timeline chronologically from left to right - earliest period on the left, furthest future on the right - is the universal convention in financial modeling, and it is what makes copying a formula rightwards across the timeline safe and predictable.",TRUE,"Applies: any case with periods running across columns. N/A: cases with no time dimension at all, and cases where the timeline deliberately runs down rows throughout - there is then no left-to-right order to assess, and whether a vertical layout was the right choice is a question of orientation graded separately. How to tell from the starting file: if the brief states a forecast horizon, a model duration or a schedule with periods, apply.",,,,,,,,,,120,99.05%,0.11%,,,,,,,,
122,Structure,Time period headers,1 = highly important,FALSE,4.95%,0.69%,"Header rows should specify the time period for each column (e.g., FY2024, Q1 2025, Jan-25) so the reader immediately knows which period each column of data represents (for the modeling part).",Header rows clearly specify the time period for each column.,Header rows omit or insufficiently label the time period for one or more columns.,Do header rows specify the time period for each column?,"Clear time period headers are essential for the reader to orient themselves in the model's timeline. Without them, the reader must infer which period a column represents, increasing the risk of misinterpretation.",TRUE,"Applies: any case with columns (or rows) representing periods - every forecast, schedule, statement or amortiztion build. N/A: cases with no time dimension at all. How to tell from the starting file: look for a forecast horizon, model duration, schedule or maturity in the brief. Note that a comparables table with a per-company 'fiscal period' column is an attribute of each row rather than a period axis, and does not on its own trigger this item. Where applicable: expect each period column to carry an explicit header (FY2027, Q1 2028, Jan-25, or a date) generated from the model's date logic rather than typed in by hand.",,,,,,,,,,121,99.16%,0.11%,,,,,,,,
123,Structure,Data-type designation (actuals vs. estimates),1 = highly important,FALSE,4.95%,0.69%,"Header rows should indicate whether the data in each column consists of actual values, estimates/forecasts, or another type of data (e.g., by appending 'A' for actuals and 'E' for estimates, or using a separate designation row).","Header rows clearly indicate whether values are actuals, estimates/forecasts, or another data type.",Header rows omit the actuals/estimates designation; the reader cannot distinguish historical from projected data.,"Do header rows indicate whether data consists of actuals, estimates, or another type?",Distinguishing actuals from estimates in the headers is critical for the reader to know which data is fixed historical and which is projected. This designation complements the visual actuals-vs-forecast separation at the header level.,TRUE,"Applies: cases presenting more than one data type - actuals alongside forecast, actual alongside budget or plan, reported figures alongside estimates, historical balances continued into a projection, or a base period the forecast is calibrated to. N/A: cases in which every period column is the same data type and a block or sheet header already states which it is. How to tell from the starting file: does the pack supply a prior-year actual, a base period, or a closing balance sheet that the forecast continues from? If yes, apply, and expect the boundary column to be labeled - for example 2026A against 2027E, or a designation row above the period headers.",,,,,,,,,,122,99.27%,0.11%,,,,,,,,
124,Structure,Clear row labels,2 = important,FALSE,1.98%,0.28%,"Row labels should be clear, descriptive, professional, correctly spelled, and use standard financial terminology appropriate to the target audience.","Row labels are clear, professional, correctly spelled, and use standard terminology.","Row labels are vague, unprofessional, misspelled, or use non-standard terms.","Are all row labels clear, descriptive, professional, correctly spelled, and using standard terminology?","Clear, correctly spelled row labels let a reader understand each line without tracing its formula, and should match the terminology the target audience uses. Vague or misspelled labels slow the reviewer and undermine confidence in the rest of the model.",FALSE,N/A,,,,,,,,,,123,99.38%,0.11%,,,,,,,,
125,Structure,Clear column labels,2 = important,FALSE,1.98%,0.28%,"Column labels should be clear, descriptive, professional, correctly spelled, and use standard financial terminology appropriate to the target audience.","Column labels are clear, professional, correctly spelled, and use standard terminology.","Column labels are vague, unprofessional, misspelled, or use non-standard terms.","Are all column labels clear, descriptive, professional, correctly spelled, and using standard terminology?","Clear, descriptive column labels using standard financial terminology (e.g., 'FY2024A', 'FY2025E', 'Revenue ($mm)', 'EBITDA Margin (%)') orient the reader immediately and reduce ambiguity. Labels should be appropriate to the target audience - a management presentation may use plain language, while a sell-side model may use industry shorthand. Vague or non-standard labels slow the reviewer and increase the risk of misinterpretation.",FALSE,N/A,,,,,,,,,,124,99.49%,0.11%,,,,,,,,
126,Structure,Roll-forward (corkscrew) structure for balances,1 = highly important,FALSE,4.95%,0.69%,"Balance items that move over time - debt, cash, PP&E, working capital, equity, provisions, share count - should be built as explicit roll-forwards: opening balance, additions, deductions, closing balance, with each period's closing balance feeding the next period's opening balance. A model with no carried-forward balances satisfies this item by default.","Balance items are built as explicit roll-forwards, with each movement on its own line and closing balances feeding the next period's opening balance - or the model carries no balances forward.","Balance items are computed in one compressed formula without showing opening balance, movements, and closing balance - or a period's opening balance does not equal the prior period's closing balance.","Are balance items built as explicit roll-forwards (opening balance, movements, closing balance)?","The roll-forward, or corkscrew, is the standard structure for any balance that moves over time. It makes each movement visible and separately auditable, guarantees that periods link (this period's opening is last period's closing), and gives the balance sheet and cash flow statement a single reconcilable source for each item. Balances calculated in one compressed formula hide the movements, cannot be checked against the cash flow statement, and are a frequent cause of balance sheet imbalances.",TRUE,"Applies: any case carrying a balance across periods - debt, cash, PP&E, accumulated depreciation, working capital items, equity, retained earnings, provisions, tax payable, share count, inventory, or a physical asset count that accumulates such as machines or tooling. N/A: cases with no carried-forward balance - a single-period P&L, a standalone unit-economics build, a multiples valuation from supplied figures, a pricing or costing calculation, or a discounting schedule whose cash flows are each computed independently of one another. How to tell from the starting file: does the pack give an opening or closing balance sheet, useful lives, a loan or lease schedule, an existing asset base, or working-capital day metrics? Any one of these means apply, and expect opening balance, movements and closing balance to be shown explicitly, with each period's close feeding the next period's open.",,,,,,,,,,125,99.60%,0.11%,,,,,,,,
127,Structure,Circularity - valid justification,2 = important,FALSE,1.98%,0.28%,"Any circular reference in the model must have a clear, valid modeling reason (e.g., average debt balance, revolver sweep, iterative WACC, interest on average cash).","Every circular reference in the model has a clear, valid modeling reason.","One or more circular references exist without a clear justification, indicating a formula error or poor model design.",Is every circular reference in the model justified by a valid modeling reason?,"Not all circular references are errors - some are intentional and necessary (average debt balance, revolver sweep, iterative WACC, interest on average cash). However, unjustified circular references are among the most dangerous model flaws, as they can cause Excel to spiral or return silently incorrect values.",TRUE,"Applies: cases whose mechanics can produce circularity at all - either because a legitimate loop is built into the brief (interest charged or earned on cash or debt balances feeding net income, a revolver or cash sweep, a minimum-cash test, an iterative WACC or an equity value that feeds its own discount rate, a fee or bonus charged on a base that includes itself), or because the case requires an integrated build in which circularity commonly arises by accident (linked three statements, a debt schedule feeding interest feeding net income feeding cash, any balance that is both an input to and an output of the same schedule). N/A: static, single-pass cases where no formula can depend on its own result and a circular reference would make no modeling sense at all - a multiples valuation from supplied figures, a fixed annuity or straight-line schedule with no feedback, a discounting schedule whose cash flows are each computed independently, a costing, pricing or sizing calculation. How to tell from the starting file: trace the interest, financing, cash and fee rules and ask whether any output can feed back into its own input. 'Negative cash balances accrue interest', 'surplus cash earns interest' and 'the revolver is drawn to a minimum cash balance' all create a loop, so apply. Apply also to any integrated statement build, since that is where unintended circularity typically appears. Mark N/A only where the calculation runs strictly in one direction from inputs to answer. Where applicable: this item covers EVERY circular reference found in the workbook, intentional or accidental, and asks whether each has a valid modeling reason - it is not limited to loops the brief asked for.",,,,,,,,,,126,99.71%,0.11%,,,,,,,,
128,Structure,Circularity - documentation,2 = important,FALSE,1.98%,0.28%,"Any intentional circular reference must be documented via cell comments or a model note explaining its purpose, the mechanics of the circularity, and how it resolves.",Every intentional circular reference is documented with a comment or note explaining its purpose and mechanics.,Intentional circular references exist but are undocumented; reviewers cannot tell whether they are intentional or accidental.,Is every intentional circular reference documented via cell comments or model notes?,"Even when a circular reference is justified, it must be documented so that reviewers and future users can distinguish it from an accidental error. Documentation should explain the purpose of the circularity and how it resolves, enabling safe maintenance and debugging.",TRUE,"Applies: only where the case's mechanics create a legitimate, INTENTIONAL circular loop that a competent build would deliberately keep - interest charged or earned on cash or debt balances that feeds net income, a revolver or cash sweep, a minimum-cash test, a WACC or equity value that depends on the value this same model produces, or a fee or bonus charged on a base that includes itself. N/A: cases with no such loop by design, where there is nothing legitimate to explain - a static valuation from supplied figures, a fixed annuity or straight-line schedule with no feedback, a single-pass costing calculation. How to tell from the starting file: read the interest, financing, cash and fee rules and ask whether any output feeds back into its own input BY DESIGN. 'Negative cash balances accrue interest', 'surplus cash earns interest', 'the revolver is drawn to a minimum cash balance', or 'set the market value of equity equal to the equity value this model produces' all create a designed loop, so apply. A fixed annuity schedule independent of the cash balance does not. Note: this item asks only whether an intended loop is explained - its purpose, its mechanics, and how it resolves. Whether the loop was a valid modeling choice in the first place, and whether a breaker switch exists, are separate questions and are not graded here.",,,,,,,,,,127,99.82%,0.11%,,,,,,,,
129,Structure,Circularity breaker switch,3 = not absolutely crucial,FALSE,0.99%,0.14%,"Where the model contains intentional circular references, each must have a circuit-breaker switch (a flag cell that toggles circularity off, replacing the circular formula with zero or a static value) for debugging. A model with no circularity satisfies this item by default.","The model contains no circular references, or all intentional circular references have a circuit-breaker switch.",Intentional circular references exist but lack a circuit-breaker switch.,Is there a circuit breaker connected to circular reference formulas?,"Without a circuit-breaker switch, a circular reference can cause Excel to spiral or return incorrect values with no way to isolate the problem. A simple toggle cell (e.g., a 0/1 flag that, when set to 0, breaks the circular path by substituting a static value) allows the modeler to test the non-circular state, debug issues, and restore circularity safely. This is essential practice for models with intentional circularity such as average-balance interest, revolver sweeps, or iterative WACC calculations. Iterative calculation must also be enabled in the workbook and that requirement stated, since the model returns errors on any machine where it is switched off.",TRUE,"Applies: only where the case's mechanics create a legitimate, intentional circular loop - interest on cash or debt balances feeding net income, a revolver or cash sweep, a minimum-cash test, an iterative WACC or equity value, or a fee charged on a base that includes itself - so that a toggle is needed to break the loop for debugging and to demonstrate that the model resolves rather than drifting. N/A: cases with no such loop by design. How to tell from the starting file: read the interest, financing and cash rules and ask whether any output feeds back into its own input by design. Where it does, apply, and expect a labeled flag cell that replaces the circular term with zero or a static value, together with evidence that the model still balances when the switch is thrown. Note: this item asks only for the presence and function of the switch - not for the reason behind the loop, nor for its written explanation.",,,,,,,,,,128,99.92%,0.11%,,,,,,,,
,,,,,,,,,,,,,,,,,,,,,,,129,100.00%,0.08%,,,,,,,,